-- phpMyAdmin SQL Dump
-- version 3.5.1
-- http://www.phpmyadmin.net
--
-- Darbinė stotis: localhost
-- Atlikimo laikas: 2013 m. Bir 28 d. 09:27
-- Serverio versija: 5.5.24-log
-- PHP versija: 5.3.13

SET SQL_MODE="NO_AUTO_VALUE_ON_ZERO";
SET time_zone = "+00:00";


/*!40101 SET @OLD_CHARACTER_SET_CLIENT=@@CHARACTER_SET_CLIENT */;
/*!40101 SET @OLD_CHARACTER_SET_RESULTS=@@CHARACTER_SET_RESULTS */;
/*!40101 SET @OLD_COLLATION_CONNECTION=@@COLLATION_CONNECTION */;
/*!40101 SET NAMES utf8 */;

--
-- Duomenų bazė: `realmonia`
--
CREATE DATABASE IF NOT EXISTS `realmonia` DEFAULT CHARACTER SET utf8 COLLATE utf8_lithuanian_ci;
USE `realmonia`;

-- --------------------------------------------------------

--
-- Sukurta duomenų struktūra lentelei `clusters`
--

DROP TABLE IF EXISTS `clusters`;
CREATE TABLE IF NOT EXISTS `clusters` (
  `id` int(11) NOT NULL AUTO_INCREMENT,
  `name` varchar(255) COLLATE utf8_lithuanian_ci DEFAULT NULL,
  `user_id` int(11) NOT NULL,
  `attached_to` varchar(255) COLLATE utf8_lithuanian_ci DEFAULT NULL,
  `attached_id` int(11) DEFAULT NULL,
  PRIMARY KEY (`id`)
) ENGINE=InnoDB  DEFAULT CHARSET=utf8 COLLATE=utf8_lithuanian_ci AUTO_INCREMENT=18 ;

--
-- Sukurta duomenų kopija lentelei `clusters`
--

INSERT INTO `clusters` (`id`, `name`, `user_id`, `attached_to`, `attached_id`) VALUES
(1, 'Food', 18, 'Expense', NULL),
(2, 'Transport', 18, 'Expense', NULL),
(3, 'Hygiene', 18, 'Expense', NULL),
(4, 'Housing', 18, 'Expense', NULL),
(5, 'Clothing', 18, 'Expense', NULL),
(6, 'Other', 18, 'Expense', NULL),
(7, 'Books and studying', 18, 'Expense', NULL),
(8, 'Health', 18, 'Expense', NULL),
(9, 'Salary', 18, 'Income', NULL),
(10, 'Salary', 25, 'Income', NULL),
(11, 'Food', 25, 'Expense', NULL),
(12, 'Housing', 25, 'Expense', NULL),
(13, 'Transportation', 25, 'Expense', NULL),
(14, 'Books', 25, 'Expense', NULL),
(15, 'Hygiene', 25, 'Expense', NULL),
(16, 'Computer repairs', 18, 'Income', NULL),
(17, 'Tutoring', 25, 'Income', NULL);

-- --------------------------------------------------------

--
-- Sukurta duomenų struktūra lentelei `emails`
--

DROP TABLE IF EXISTS `emails`;
CREATE TABLE IF NOT EXISTS `emails` (
  `id` int(11) NOT NULL AUTO_INCREMENT,
  `subject` varchar(255) COLLATE utf8_lithuanian_ci DEFAULT NULL,
  `message` text COLLATE utf8_lithuanian_ci,
  `is_html` tinyint(1) DEFAULT NULL,
  `is_sent` tinyint(1) DEFAULT NULL,
  `to_` varchar(255) COLLATE utf8_lithuanian_ci DEFAULT NULL,
  PRIMARY KEY (`id`)
) ENGINE=InnoDB  DEFAULT CHARSET=utf8 COLLATE=utf8_lithuanian_ci AUTO_INCREMENT=7 ;

--
-- Sukurta duomenų kopija lentelei `emails`
--

INSERT INTO `emails` (`id`, `subject`, `message`, `is_html`, `is_sent`, `to_`) VALUES
(5, 'Activation', 'Activation by e-mail not enabled. Use provided link! \r\n<a href="http://localhost/realmonia?activate=1&id=25&aid=6f083d0de4d6acba61c0ac368a7839ab">Click this link to activate your user account!</a>', NULL, 1, 'demo2@example.com'),
(6, 'Activation', 'Activation by e-mail not enabled. Use provided link! \r\n<a href="http://localhost/realmonia?activate=1&id=26&aid=af9752375b9e9d20a31de1fddd2b296b">Click this link to activate your user account!</a>', NULL, 1, 'demo3@example.com');

-- --------------------------------------------------------

--
-- Sukurta duomenų struktūra lentelei `exchange_rates`
--

DROP TABLE IF EXISTS `exchange_rates`;
CREATE TABLE IF NOT EXISTS `exchange_rates` (
  `id` int(11) NOT NULL AUTO_INCREMENT,
  `ratedate` date DEFAULT NULL,
  `from_currency` char(3) COLLATE utf8_lithuanian_ci DEFAULT NULL,
  `to_currency` char(3) COLLATE utf8_lithuanian_ci NOT NULL,
  `quantity` int(11) DEFAULT NULL,
  `rate` decimal(12,5) DEFAULT NULL,
  PRIMARY KEY (`id`),
  KEY `ratedate` (`ratedate`),
  KEY `ratedate_2` (`ratedate`),
  KEY `ratedate_3` (`ratedate`)
) ENGINE=InnoDB  DEFAULT CHARSET=utf8 COLLATE=utf8_lithuanian_ci AUTO_INCREMENT=1411 ;

--
-- Sukurta duomenų kopija lentelei `exchange_rates`
--

INSERT INTO `exchange_rates` (`id`, `ratedate`, `from_currency`, `to_currency`, `quantity`, `rate`) VALUES
(265, '2013-05-23', 'LTL', 'AED', 10, '7.30620'),
(266, '2013-05-23', 'LTL', 'AFN', 100, '4.89340'),
(267, '2013-05-23', 'LTL', 'ALL', 100, '2.44860'),
(268, '2013-05-23', 'LTL', 'AMD', 1000, '6.43150'),
(269, '2013-05-23', 'LTL', 'ARS', 10, '5.12990'),
(270, '2013-05-23', 'LTL', 'AUD', 1, '2.61430'),
(271, '2013-05-23', 'LTL', 'AZN', 1, '3.42330'),
(272, '2013-05-23', 'LTL', 'BAM', 1, '1.76180'),
(273, '2013-05-23', 'LTL', 'BDT', 100, '3.43960'),
(274, '2013-05-23', 'LTL', 'BGN', 1, '1.76560'),
(275, '2013-05-23', 'LTL', 'BHD', 1, '7.11820'),
(276, '2013-05-23', 'LTL', 'BYR', 10000, '3.07730'),
(277, '2013-05-23', 'LTL', 'BOB', 10, '3.82820'),
(278, '2013-05-23', 'LTL', 'BRL', 1, '1.32480'),
(279, '2013-05-23', 'LTL', 'CAD', 1, '2.60250'),
(280, '2013-05-23', 'LTL', 'CHF', 1, '2.75570'),
(281, '2013-05-23', 'LTL', 'CLP', 1000, '5.59130'),
(282, '2013-05-23', 'LTL', 'CNY', 10, '4.35820'),
(283, '2013-05-23', 'LTL', 'COP', 1000, '1.45830'),
(284, '2013-05-23', 'LTL', 'CZK', 10, '1.32600'),
(285, '2013-05-23', 'LTL', 'DKK', 10, '4.63310'),
(286, '2013-05-23', 'LTL', 'DZD', 100, '3.36050'),
(287, '2013-05-23', 'LTL', 'EGP', 10, '3.84690'),
(288, '2013-05-23', 'LTL', 'ETB', 10, '1.44050'),
(289, '2013-05-23', 'LTL', 'EUR', 1, '3.45280'),
(290, '2013-05-23', 'LTL', 'GBP', 1, '4.04760'),
(291, '2013-05-23', 'LTL', 'GEL', 1, '1.64250'),
(292, '2013-05-23', 'LTL', 'GNF', 10000, '3.80050'),
(293, '2013-05-23', 'LTL', 'HKD', 10, '3.45670'),
(294, '2013-05-23', 'LTL', 'HRK', 10, '4.56050'),
(295, '2013-05-23', 'LTL', 'HUF', 100, '1.19240'),
(296, '2013-05-23', 'LTL', 'IDR', 10000, '2.74880'),
(297, '2013-05-23', 'LTL', 'YER', 100, '1.24760'),
(298, '2013-05-23', 'LTL', 'ILS', 10, '7.36740'),
(299, '2013-05-23', 'LTL', 'INR', 100, '4.88730'),
(300, '2013-05-23', 'LTL', 'IQD', 1000, '2.32340'),
(301, '2013-05-23', 'LTL', 'IRR', 10000, '2.18560'),
(302, '2013-05-23', 'LTL', 'ISK', 100, '2.17700'),
(303, '2013-05-23', 'LTL', 'JOD', 1, '3.78900'),
(304, '2013-05-23', 'LTL', 'JPY', 100, '2.60300'),
(305, '2013-05-23', 'LTL', 'KES', 100, '3.20230'),
(306, '2013-05-23', 'LTL', 'KGS', 100, '5.56390'),
(307, '2013-05-23', 'LTL', 'KRW', 1000, '2.40240'),
(308, '2013-05-23', 'LTL', 'KWD', 1, '9.37820'),
(309, '2013-05-23', 'LTL', 'KZT', 100, '1.77180'),
(310, '2013-05-23', 'LTL', 'LBP', 1000, '1.78430'),
(311, '2013-05-23', 'LTL', 'LKR', 100, '2.12460'),
(312, '2013-05-23', 'LTL', 'LVL', 1, '4.93250'),
(313, '2013-05-23', 'LTL', 'MAD', 10, '3.11090'),
(314, '2013-05-23', 'LTL', 'MDL', 10, '2.13470'),
(315, '2013-05-23', 'LTL', 'MGA', 1000, '1.21790'),
(316, '2013-05-23', 'LTL', 'MYR', 10, '8.87350'),
(317, '2013-05-23', 'LTL', 'MKD', 100, '5.66450'),
(318, '2013-05-23', 'LTL', 'MNT', 1000, '1.86490'),
(319, '2013-05-23', 'LTL', 'MXN', 10, '2.18460'),
(320, '2013-05-23', 'LTL', 'MZN', 100, '8.87130'),
(321, '2013-05-23', 'LTL', 'NOK', 10, '4.61820'),
(322, '2013-05-23', 'LTL', 'NZD', 1, '2.17480'),
(323, '2013-05-23', 'LTL', 'PAB', 1, '2.68360'),
(324, '2013-05-23', 'LTL', 'PEN', 10, '10.18430'),
(325, '2013-05-23', 'LTL', 'PHP', 100, '6.51110'),
(326, '2013-05-23', 'LTL', 'PKR', 100, '2.72650'),
(327, '2013-05-23', 'LTL', 'PLN', 10, '8.26210'),
(328, '2013-05-23', 'LTL', 'QAR', 10, '7.37050'),
(329, '2013-05-23', 'LTL', 'RON', 10, '7.93230'),
(330, '2013-05-23', 'LTL', 'RSD', 100, '3.12190'),
(331, '2013-05-23', 'LTL', 'RUB', 100, '8.55930'),
(332, '2013-05-23', 'LTL', 'SAR', 10, '7.15580'),
(333, '2013-05-23', 'LTL', 'SEK', 10, '4.03930'),
(334, '2013-05-23', 'LTL', 'SGD', 1, '2.13430'),
(335, '2013-05-23', 'LTL', 'SYP', 100, '2.74670'),
(336, '2013-05-23', 'LTL', 'THB', 100, '9.00070'),
(337, '2013-05-23', 'LTL', 'TJS', 10, '5.64050'),
(338, '2013-05-23', 'LTL', 'TMT', 10, '9.41520'),
(339, '2013-05-23', 'LTL', 'TND', 1, '1.61710'),
(340, '2013-05-23', 'LTL', 'TRY', 1, '1.44940'),
(341, '2013-05-23', 'LTL', 'TWD', 100, '8.95400'),
(342, '2013-05-23', 'LTL', 'TZS', 1000, '1.64640'),
(343, '2013-05-23', 'LTL', 'UAH', 10, '3.27370'),
(344, '2013-05-23', 'LTL', 'UYU', 10, '1.41610'),
(345, '2013-05-23', 'LTL', 'USD', 1, '2.67270'),
(346, '2013-05-23', 'LTL', 'UZS', 1000, '1.29390'),
(347, '2013-05-23', 'LTL', 'VEF', 10, '4.26500'),
(348, '2013-05-23', 'LTL', 'VND', 10000, '1.27880'),
(349, '2013-05-23', 'LTL', 'XAF', 1000, '5.26310'),
(350, '2013-05-23', 'LTL', 'XDR', 1, '3.98280'),
(351, '2013-05-23', 'LTL', 'XOF', 1000, '5.26290'),
(352, '2013-05-23', 'LTL', 'ZAR', 10, '2.85820'),
(353, '2013-05-24', 'LTL', 'AED', 10, '7.30620'),
(354, '2013-05-24', 'LTL', 'AFN', 100, '4.89340'),
(355, '2013-05-24', 'LTL', 'ALL', 100, '2.44860'),
(356, '2013-05-24', 'LTL', 'AMD', 1000, '6.43150'),
(357, '2013-05-24', 'LTL', 'ARS', 10, '5.12990'),
(358, '2013-05-24', 'LTL', 'AUD', 1, '2.58680'),
(359, '2013-05-24', 'LTL', 'AZN', 1, '3.42330'),
(360, '2013-05-24', 'LTL', 'BAM', 1, '1.76180'),
(361, '2013-05-24', 'LTL', 'BDT', 100, '3.43960'),
(362, '2013-05-24', 'LTL', 'BGN', 1, '1.76540'),
(363, '2013-05-24', 'LTL', 'BHD', 1, '7.11820'),
(364, '2013-05-24', 'LTL', 'BYR', 10000, '3.09270'),
(365, '2013-05-24', 'LTL', 'BOB', 10, '3.82820'),
(366, '2013-05-24', 'LTL', 'BRL', 1, '1.32480'),
(367, '2013-05-24', 'LTL', 'CAD', 1, '2.58990'),
(368, '2013-05-24', 'LTL', 'CHF', 1, '2.75440'),
(369, '2013-05-24', 'LTL', 'CLP', 1000, '5.59130'),
(370, '2013-05-24', 'LTL', 'CNY', 10, '4.38310'),
(371, '2013-05-24', 'LTL', 'COP', 1000, '1.45830'),
(372, '2013-05-24', 'LTL', 'CZK', 10, '1.32110'),
(373, '2013-05-24', 'LTL', 'DKK', 10, '4.63260'),
(374, '2013-05-24', 'LTL', 'DZD', 100, '3.36050'),
(375, '2013-05-24', 'LTL', 'EGP', 10, '3.84690'),
(376, '2013-05-24', 'LTL', 'ETB', 10, '1.44050'),
(377, '2013-05-24', 'LTL', 'EUR', 1, '3.45280'),
(378, '2013-05-24', 'LTL', 'GBP', 1, '4.04210'),
(379, '2013-05-24', 'LTL', 'GEL', 1, '1.64250'),
(380, '2013-05-24', 'LTL', 'GNF', 10000, '3.80050'),
(381, '2013-05-24', 'LTL', 'HKD', 10, '3.45670'),
(382, '2013-05-24', 'LTL', 'HRK', 10, '4.55790'),
(383, '2013-05-24', 'LTL', 'HUF', 100, '1.18690'),
(384, '2013-05-24', 'LTL', 'IDR', 10000, '2.74880'),
(385, '2013-05-24', 'LTL', 'YER', 100, '1.24760'),
(386, '2013-05-24', 'LTL', 'ILS', 10, '7.36740'),
(387, '2013-05-24', 'LTL', 'INR', 100, '4.88730'),
(388, '2013-05-24', 'LTL', 'IQD', 1000, '2.32340'),
(389, '2013-05-24', 'LTL', 'IRR', 10000, '2.18560'),
(390, '2013-05-24', 'LTL', 'ISK', 100, '2.17100'),
(391, '2013-05-24', 'LTL', 'JOD', 1, '3.78900'),
(392, '2013-05-24', 'LTL', 'JPY', 100, '2.63740'),
(393, '2013-05-24', 'LTL', 'KES', 100, '3.20230'),
(394, '2013-05-24', 'LTL', 'KGS', 100, '5.56390'),
(395, '2013-05-24', 'LTL', 'KRW', 1000, '2.40240'),
(396, '2013-05-24', 'LTL', 'KWD', 1, '9.37820'),
(397, '2013-05-24', 'LTL', 'KZT', 100, '1.78330'),
(398, '2013-05-24', 'LTL', 'LBP', 1000, '1.78430'),
(399, '2013-05-24', 'LTL', 'LKR', 100, '2.12460'),
(400, '2013-05-24', 'LTL', 'LVL', 1, '4.93050'),
(401, '2013-05-24', 'LTL', 'MAD', 10, '3.11090'),
(402, '2013-05-24', 'LTL', 'MDL', 10, '2.14610'),
(403, '2013-05-24', 'LTL', 'MGA', 1000, '1.21790'),
(404, '2013-05-24', 'LTL', 'MYR', 10, '8.87350'),
(405, '2013-05-24', 'LTL', 'MKD', 100, '5.66450'),
(406, '2013-05-24', 'LTL', 'MNT', 1000, '1.86490'),
(407, '2013-05-24', 'LTL', 'MXN', 10, '2.18460'),
(408, '2013-05-24', 'LTL', 'MZN', 100, '8.87130'),
(409, '2013-05-24', 'LTL', 'NOK', 10, '4.59660'),
(410, '2013-05-24', 'LTL', 'NZD', 1, '2.17480'),
(411, '2013-05-24', 'LTL', 'PAB', 1, '2.68360'),
(412, '2013-05-24', 'LTL', 'PEN', 10, '10.18430'),
(413, '2013-05-24', 'LTL', 'PHP', 100, '6.51110'),
(414, '2013-05-24', 'LTL', 'PKR', 100, '2.72650'),
(415, '2013-05-24', 'LTL', 'PLN', 10, '8.24080'),
(416, '2013-05-24', 'LTL', 'QAR', 10, '7.37050'),
(417, '2013-05-24', 'LTL', 'RON', 10, '7.91540'),
(418, '2013-05-24', 'LTL', 'RSD', 100, '3.12190'),
(419, '2013-05-24', 'LTL', 'RUB', 100, '8.52870'),
(420, '2013-05-24', 'LTL', 'SAR', 10, '7.15580'),
(421, '2013-05-24', 'LTL', 'SEK', 10, '4.03630'),
(422, '2013-05-24', 'LTL', 'SGD', 1, '2.13430'),
(423, '2013-05-24', 'LTL', 'SYP', 100, '2.74670'),
(424, '2013-05-24', 'LTL', 'THB', 100, '9.00070'),
(425, '2013-05-24', 'LTL', 'TJS', 10, '5.64050'),
(426, '2013-05-24', 'LTL', 'TMT', 10, '9.41520'),
(427, '2013-05-24', 'LTL', 'TND', 1, '1.61710'),
(428, '2013-05-24', 'LTL', 'TRY', 1, '1.44950'),
(429, '2013-05-24', 'LTL', 'TWD', 100, '8.95400'),
(430, '2013-05-24', 'LTL', 'TZS', 1000, '1.64640'),
(431, '2013-05-24', 'LTL', 'UAH', 10, '3.29320'),
(432, '2013-05-24', 'LTL', 'UYU', 10, '1.41610'),
(433, '2013-05-24', 'LTL', 'USD', 1, '2.68910'),
(434, '2013-05-24', 'LTL', 'UZS', 1000, '1.29390'),
(435, '2013-05-24', 'LTL', 'VEF', 10, '4.26500'),
(436, '2013-05-24', 'LTL', 'VND', 10000, '1.27880'),
(437, '2013-05-24', 'LTL', 'XAF', 1000, '5.26310'),
(438, '2013-05-24', 'LTL', 'XDR', 1, '4.01230'),
(439, '2013-05-24', 'LTL', 'XOF', 1000, '5.26290'),
(440, '2013-05-24', 'LTL', 'ZAR', 10, '2.85820'),
(441, '2013-05-27', 'LTL', 'AED', 10, '7.26520'),
(442, '2013-05-27', 'LTL', 'AFN', 100, '4.85540'),
(443, '2013-05-27', 'LTL', 'ALL', 100, '2.44750'),
(444, '2013-05-27', 'LTL', 'AMD', 1000, '6.40700'),
(445, '2013-05-27', 'LTL', 'ARS', 10, '5.07230'),
(446, '2013-05-27', 'LTL', 'AUD', 1, '2.58250'),
(447, '2013-05-27', 'LTL', 'AZN', 1, '3.40460'),
(448, '2013-05-27', 'LTL', 'BAM', 1, '1.76530'),
(449, '2013-05-27', 'LTL', 'BDT', 100, '3.42250'),
(450, '2013-05-27', 'LTL', 'BGN', 1, '1.76550'),
(451, '2013-05-27', 'LTL', 'BHD', 1, '7.07830'),
(452, '2013-05-27', 'LTL', 'BYR', 10000, '3.06550'),
(453, '2013-05-27', 'LTL', 'BOB', 10, '3.80670'),
(454, '2013-05-27', 'LTL', 'BRL', 1, '1.30540'),
(455, '2013-05-27', 'LTL', 'CAD', 1, '2.58350'),
(456, '2013-05-27', 'LTL', 'CHF', 1, '2.75920'),
(457, '2013-05-27', 'LTL', 'CLP', 1000, '5.47330'),
(458, '2013-05-27', 'LTL', 'CNY', 10, '4.35350'),
(459, '2013-05-27', 'LTL', 'COP', 1000, '1.43010'),
(460, '2013-05-27', 'LTL', 'CZK', 10, '1.32190'),
(461, '2013-05-27', 'LTL', 'DKK', 10, '4.63220'),
(462, '2013-05-27', 'LTL', 'DZD', 100, '3.36090'),
(463, '2013-05-27', 'LTL', 'EGP', 10, '3.82200'),
(464, '2013-05-27', 'LTL', 'ETB', 10, '1.43080'),
(465, '2013-05-27', 'LTL', 'EUR', 1, '3.45280'),
(466, '2013-05-27', 'LTL', 'GBP', 1, '4.02830'),
(467, '2013-05-27', 'LTL', 'GEL', 1, '1.63110'),
(468, '2013-05-27', 'LTL', 'GNF', 10000, '3.74400'),
(469, '2013-05-27', 'LTL', 'HKD', 10, '3.43730'),
(470, '2013-05-27', 'LTL', 'HRK', 10, '4.56100'),
(471, '2013-05-27', 'LTL', 'HUF', 100, '1.18940'),
(472, '2013-05-27', 'LTL', 'IDR', 10000, '2.72990'),
(473, '2013-05-27', 'LTL', 'YER', 100, '1.24070'),
(474, '2013-05-27', 'LTL', 'ILS', 10, '7.21050'),
(475, '2013-05-27', 'LTL', 'INR', 100, '4.80430'),
(476, '2013-05-27', 'LTL', 'IQD', 1000, '2.32050'),
(477, '2013-05-27', 'LTL', 'IRR', 10000, '2.17330'),
(478, '2013-05-27', 'LTL', 'ISK', 100, '2.15830'),
(479, '2013-05-27', 'LTL', 'JOD', 1, '3.76910'),
(480, '2013-05-27', 'LTL', 'JPY', 100, '2.62200'),
(481, '2013-05-27', 'LTL', 'KES', 100, '3.16360'),
(482, '2013-05-27', 'LTL', 'KGS', 100, '5.52620'),
(483, '2013-05-27', 'LTL', 'KRW', 1000, '2.36760'),
(484, '2013-05-27', 'LTL', 'KWD', 1, '9.30930'),
(485, '2013-05-27', 'LTL', 'KZT', 100, '1.77020'),
(486, '2013-05-27', 'LTL', 'LBP', 1000, '1.77430'),
(487, '2013-05-27', 'LTL', 'LKR', 100, '2.11200'),
(488, '2013-05-27', 'LTL', 'LVL', 1, '4.92940'),
(489, '2013-05-27', 'LTL', 'MAD', 10, '3.11220'),
(490, '2013-05-27', 'LTL', 'MDL', 10, '2.12970'),
(491, '2013-05-27', 'LTL', 'MGA', 1000, '1.20880'),
(492, '2013-05-27', 'LTL', 'MYR', 10, '8.79390'),
(493, '2013-05-27', 'LTL', 'MKD', 100, '5.55360'),
(494, '2013-05-27', 'LTL', 'MNT', 1000, '1.87590'),
(495, '2013-05-27', 'LTL', 'MXN', 10, '2.14630'),
(496, '2013-05-27', 'LTL', 'MZN', 100, '8.80700'),
(497, '2013-05-27', 'LTL', 'NOK', 10, '4.57570'),
(498, '2013-05-27', 'LTL', 'NZD', 1, '2.16320'),
(499, '2013-05-27', 'LTL', 'PAB', 1, '2.66850'),
(500, '2013-05-27', 'LTL', 'PEN', 10, '9.99260'),
(501, '2013-05-27', 'LTL', 'PHP', 100, '6.41160'),
(502, '2013-05-27', 'LTL', 'PKR', 100, '2.71450'),
(503, '2013-05-27', 'LTL', 'PLN', 10, '8.22960'),
(504, '2013-05-27', 'LTL', 'QAR', 10, '7.32940'),
(505, '2013-05-27', 'LTL', 'RON', 10, '7.93050'),
(506, '2013-05-27', 'LTL', 'RSD', 100, '3.10760'),
(507, '2013-05-27', 'LTL', 'RUB', 100, '8.53470'),
(508, '2013-05-27', 'LTL', 'SAR', 10, '7.11570'),
(509, '2013-05-27', 'LTL', 'SEK', 10, '4.01470'),
(510, '2013-05-27', 'LTL', 'SGD', 1, '2.10930'),
(511, '2013-05-27', 'LTL', 'SYP', 100, '2.73550'),
(512, '2013-05-27', 'LTL', 'THB', 100, '8.89660'),
(513, '2013-05-27', 'LTL', 'TJS', 10, '5.61100'),
(514, '2013-05-27', 'LTL', 'TMT', 10, '9.36240'),
(515, '2013-05-27', 'LTL', 'TND', 1, '1.60870'),
(516, '2013-05-27', 'LTL', 'TRY', 1, '1.44480'),
(517, '2013-05-27', 'LTL', 'TWD', 100, '8.92240'),
(518, '2013-05-27', 'LTL', 'TZS', 1000, '1.63710'),
(519, '2013-05-27', 'LTL', 'UAH', 10, '3.28030'),
(520, '2013-05-27', 'LTL', 'UYU', 10, '1.40340'),
(521, '2013-05-27', 'LTL', 'USD', 1, '2.66850'),
(522, '2013-05-27', 'LTL', 'UZS', 1000, '1.29600'),
(523, '2013-05-27', 'LTL', 'VEF', 10, '4.24110'),
(524, '2013-05-27', 'LTL', 'VND', 10000, '1.27070'),
(525, '2013-05-27', 'LTL', 'XAF', 1000, '5.25000'),
(526, '2013-05-27', 'LTL', 'XDR', 1, '3.98030'),
(527, '2013-05-27', 'LTL', 'XOF', 1000, '5.26380'),
(528, '2013-05-27', 'LTL', 'ZAR', 10, '2.80050'),
(529, '2013-05-28', 'LTL', 'AED', 10, '7.26520'),
(530, '2013-05-28', 'LTL', 'AFN', 100, '4.85540'),
(531, '2013-05-28', 'LTL', 'ALL', 100, '2.44750'),
(532, '2013-05-28', 'LTL', 'AMD', 1000, '6.40700'),
(533, '2013-05-28', 'LTL', 'ARS', 10, '5.07230'),
(534, '2013-05-28', 'LTL', 'AUD', 1, '2.57350'),
(535, '2013-05-28', 'LTL', 'AZN', 1, '3.40460'),
(536, '2013-05-28', 'LTL', 'BAM', 1, '1.76530'),
(537, '2013-05-28', 'LTL', 'BDT', 100, '3.42250'),
(538, '2013-05-28', 'LTL', 'BGN', 1, '1.76540'),
(539, '2013-05-28', 'LTL', 'BHD', 1, '7.07830'),
(540, '2013-05-28', 'LTL', 'BYR', 10000, '3.07220'),
(541, '2013-05-28', 'LTL', 'BOB', 10, '3.80670'),
(542, '2013-05-28', 'LTL', 'BRL', 1, '1.30540'),
(543, '2013-05-28', 'LTL', 'CAD', 1, '2.58600'),
(544, '2013-05-28', 'LTL', 'CHF', 1, '2.77930'),
(545, '2013-05-28', 'LTL', 'CLP', 1000, '5.47330'),
(546, '2013-05-28', 'LTL', 'CNY', 10, '4.36000'),
(547, '2013-05-28', 'LTL', 'COP', 1000, '1.43010'),
(548, '2013-05-28', 'LTL', 'CZK', 10, '1.33100'),
(549, '2013-05-28', 'LTL', 'DKK', 10, '4.63230'),
(550, '2013-05-28', 'LTL', 'DZD', 100, '3.36090'),
(551, '2013-05-28', 'LTL', 'EGP', 10, '3.82200'),
(552, '2013-05-28', 'LTL', 'ETB', 10, '1.43080'),
(553, '2013-05-28', 'LTL', 'EUR', 1, '3.45280'),
(554, '2013-05-28', 'LTL', 'GBP', 1, '4.03870'),
(555, '2013-05-28', 'LTL', 'GEL', 1, '1.63110'),
(556, '2013-05-28', 'LTL', 'GNF', 10000, '3.74400'),
(557, '2013-05-28', 'LTL', 'HKD', 10, '3.43730'),
(558, '2013-05-28', 'LTL', 'HRK', 10, '4.56610'),
(559, '2013-05-28', 'LTL', 'HUF', 100, '1.19290'),
(560, '2013-05-28', 'LTL', 'IDR', 10000, '2.72990'),
(561, '2013-05-28', 'LTL', 'YER', 100, '1.24070'),
(562, '2013-05-28', 'LTL', 'ILS', 10, '7.21050'),
(563, '2013-05-28', 'LTL', 'INR', 100, '4.80430'),
(564, '2013-05-28', 'LTL', 'IQD', 1000, '2.32050'),
(565, '2013-05-28', 'LTL', 'IRR', 10000, '2.17330'),
(566, '2013-05-28', 'LTL', 'ISK', 100, '2.15530'),
(567, '2013-05-28', 'LTL', 'JOD', 1, '3.76910'),
(568, '2013-05-28', 'LTL', 'JPY', 100, '2.64280'),
(569, '2013-05-28', 'LTL', 'KES', 100, '3.16360'),
(570, '2013-05-28', 'LTL', 'KGS', 100, '5.52620'),
(571, '2013-05-28', 'LTL', 'KRW', 1000, '2.36760'),
(572, '2013-05-28', 'LTL', 'KWD', 1, '9.30930'),
(573, '2013-05-28', 'LTL', 'KZT', 100, '1.76990'),
(574, '2013-05-28', 'LTL', 'LBP', 1000, '1.77430'),
(575, '2013-05-28', 'LTL', 'LKR', 100, '2.11200'),
(576, '2013-05-28', 'LTL', 'LVL', 1, '4.92760'),
(577, '2013-05-28', 'LTL', 'MAD', 10, '3.11220'),
(578, '2013-05-28', 'LTL', 'MDL', 10, '2.13710'),
(579, '2013-05-28', 'LTL', 'MGA', 1000, '1.20880'),
(580, '2013-05-28', 'LTL', 'MYR', 10, '8.79390'),
(581, '2013-05-28', 'LTL', 'MKD', 100, '5.55360'),
(582, '2013-05-28', 'LTL', 'MNT', 1000, '1.87590'),
(583, '2013-05-28', 'LTL', 'MXN', 10, '2.14630'),
(584, '2013-05-28', 'LTL', 'MZN', 100, '8.80700'),
(585, '2013-05-28', 'LTL', 'NOK', 10, '4.58100'),
(586, '2013-05-28', 'LTL', 'NZD', 1, '2.16320'),
(587, '2013-05-28', 'LTL', 'PAB', 1, '2.66850'),
(588, '2013-05-28', 'LTL', 'PEN', 10, '9.99260'),
(589, '2013-05-28', 'LTL', 'PHP', 100, '6.41160'),
(590, '2013-05-28', 'LTL', 'PKR', 100, '2.71450'),
(591, '2013-05-28', 'LTL', 'PLN', 10, '8.22340'),
(592, '2013-05-28', 'LTL', 'QAR', 10, '7.32940'),
(593, '2013-05-28', 'LTL', 'RON', 10, '7.93900'),
(594, '2013-05-28', 'LTL', 'RSD', 100, '3.10760'),
(595, '2013-05-28', 'LTL', 'RUB', 100, '8.52830'),
(596, '2013-05-28', 'LTL', 'SAR', 10, '7.11570'),
(597, '2013-05-28', 'LTL', 'SEK', 10, '4.01790'),
(598, '2013-05-28', 'LTL', 'SGD', 1, '2.10930'),
(599, '2013-05-28', 'LTL', 'SYP', 100, '2.73550'),
(600, '2013-05-28', 'LTL', 'THB', 100, '8.89660'),
(601, '2013-05-28', 'LTL', 'TJS', 10, '5.61100'),
(602, '2013-05-28', 'LTL', 'TMT', 10, '9.36240'),
(603, '2013-05-28', 'LTL', 'TND', 1, '1.60870'),
(604, '2013-05-28', 'LTL', 'TRY', 1, '1.44660'),
(605, '2013-05-28', 'LTL', 'TWD', 100, '8.92240'),
(606, '2013-05-28', 'LTL', 'TZS', 1000, '1.63710'),
(607, '2013-05-28', 'LTL', 'UAH', 10, '3.27740'),
(608, '2013-05-28', 'LTL', 'UYU', 10, '1.40340'),
(609, '2013-05-28', 'LTL', 'USD', 1, '2.66980'),
(610, '2013-05-28', 'LTL', 'UZS', 1000, '1.29600'),
(611, '2013-05-28', 'LTL', 'VEF', 10, '4.24110'),
(612, '2013-05-28', 'LTL', 'VND', 10000, '1.27070'),
(613, '2013-05-28', 'LTL', 'XAF', 1000, '5.25000'),
(614, '2013-05-28', 'LTL', 'XDR', 1, '3.99170'),
(615, '2013-05-28', 'LTL', 'XOF', 1000, '5.26380'),
(616, '2013-05-28', 'LTL', 'ZAR', 10, '2.80050'),
(617, '2013-05-29', 'LTL', 'AED', 10, '7.26520'),
(618, '2013-05-29', 'LTL', 'AFN', 100, '4.85540'),
(619, '2013-05-29', 'LTL', 'ALL', 100, '2.44750'),
(620, '2013-05-29', 'LTL', 'AMD', 1000, '6.40700'),
(621, '2013-05-29', 'LTL', 'ARS', 10, '5.07230'),
(622, '2013-05-29', 'LTL', 'AUD', 1, '2.58310'),
(623, '2013-05-29', 'LTL', 'AZN', 1, '3.40460'),
(624, '2013-05-29', 'LTL', 'BAM', 1, '1.76530'),
(625, '2013-05-29', 'LTL', 'BDT', 100, '3.42250'),
(626, '2013-05-29', 'LTL', 'BGN', 1, '1.76510'),
(627, '2013-05-29', 'LTL', 'BHD', 1, '7.07830'),
(628, '2013-05-29', 'LTL', 'BYR', 10000, '3.07390'),
(629, '2013-05-29', 'LTL', 'BOB', 10, '3.80670'),
(630, '2013-05-29', 'LTL', 'BRL', 1, '1.30540'),
(631, '2013-05-29', 'LTL', 'CAD', 1, '2.58440'),
(632, '2013-05-29', 'LTL', 'CHF', 1, '2.76080'),
(633, '2013-05-29', 'LTL', 'CLP', 1000, '5.47330'),
(634, '2013-05-29', 'LTL', 'CNY', 10, '4.37000'),
(635, '2013-05-29', 'LTL', 'COP', 1000, '1.43010'),
(636, '2013-05-29', 'LTL', 'CZK', 10, '1.33390'),
(637, '2013-05-29', 'LTL', 'DKK', 10, '4.63230'),
(638, '2013-05-29', 'LTL', 'DZD', 100, '3.36090'),
(639, '2013-05-29', 'LTL', 'EGP', 10, '3.82200'),
(640, '2013-05-29', 'LTL', 'ETB', 10, '1.43080'),
(641, '2013-05-29', 'LTL', 'EUR', 1, '3.45280'),
(642, '2013-05-29', 'LTL', 'GBP', 1, '4.03980'),
(643, '2013-05-29', 'LTL', 'GEL', 1, '1.63110'),
(644, '2013-05-29', 'LTL', 'GNF', 10000, '3.74400'),
(645, '2013-05-29', 'LTL', 'HKD', 10, '3.43730'),
(646, '2013-05-29', 'LTL', 'HRK', 10, '4.57050'),
(647, '2013-05-29', 'LTL', 'HUF', 100, '1.19570'),
(648, '2013-05-29', 'LTL', 'IDR', 10000, '2.72990'),
(649, '2013-05-29', 'LTL', 'YER', 100, '1.24070'),
(650, '2013-05-29', 'LTL', 'ILS', 10, '7.21050'),
(651, '2013-05-29', 'LTL', 'INR', 100, '4.80430'),
(652, '2013-05-29', 'LTL', 'IQD', 1000, '2.32050'),
(653, '2013-05-29', 'LTL', 'IRR', 10000, '2.17330'),
(654, '2013-05-29', 'LTL', 'ISK', 100, '2.15110'),
(655, '2013-05-29', 'LTL', 'JOD', 1, '3.76910'),
(656, '2013-05-29', 'LTL', 'JPY', 100, '2.62340'),
(657, '2013-05-29', 'LTL', 'KES', 100, '3.16360'),
(658, '2013-05-29', 'LTL', 'KGS', 100, '5.52620'),
(659, '2013-05-29', 'LTL', 'KRW', 1000, '2.36760'),
(660, '2013-05-29', 'LTL', 'KWD', 1, '9.30930'),
(661, '2013-05-29', 'LTL', 'KZT', 100, '1.77390'),
(662, '2013-05-29', 'LTL', 'LBP', 1000, '1.77430'),
(663, '2013-05-29', 'LTL', 'LKR', 100, '2.11200'),
(664, '2013-05-29', 'LTL', 'LVL', 1, '4.92480'),
(665, '2013-05-29', 'LTL', 'MAD', 10, '3.11220'),
(666, '2013-05-29', 'LTL', 'MDL', 10, '2.14200'),
(667, '2013-05-29', 'LTL', 'MGA', 1000, '1.20880'),
(668, '2013-05-29', 'LTL', 'MYR', 10, '8.79390'),
(669, '2013-05-29', 'LTL', 'MKD', 100, '5.55360'),
(670, '2013-05-29', 'LTL', 'MNT', 1000, '1.87590'),
(671, '2013-05-29', 'LTL', 'MXN', 10, '2.14630'),
(672, '2013-05-29', 'LTL', 'MZN', 100, '8.80700'),
(673, '2013-05-29', 'LTL', 'NOK', 10, '4.57230'),
(674, '2013-05-29', 'LTL', 'NZD', 1, '2.16320'),
(675, '2013-05-29', 'LTL', 'PAB', 1, '2.66850'),
(676, '2013-05-29', 'LTL', 'PEN', 10, '9.99260'),
(677, '2013-05-29', 'LTL', 'PHP', 100, '6.41160'),
(678, '2013-05-29', 'LTL', 'PKR', 100, '2.71450'),
(679, '2013-05-29', 'LTL', 'PLN', 10, '8.23520'),
(680, '2013-05-29', 'LTL', 'QAR', 10, '7.32940'),
(681, '2013-05-29', 'LTL', 'RON', 10, '7.96770'),
(682, '2013-05-29', 'LTL', 'RSD', 100, '3.10760'),
(683, '2013-05-29', 'LTL', 'RUB', 100, '8.52270'),
(684, '2013-05-29', 'LTL', 'SAR', 10, '7.11570'),
(685, '2013-05-29', 'LTL', 'SEK', 10, '4.01830'),
(686, '2013-05-29', 'LTL', 'SGD', 1, '2.10930'),
(687, '2013-05-29', 'LTL', 'SYP', 100, '2.73550'),
(688, '2013-05-29', 'LTL', 'THB', 100, '8.89660'),
(689, '2013-05-29', 'LTL', 'TJS', 10, '5.61100'),
(690, '2013-05-29', 'LTL', 'TMT', 10, '9.36240'),
(691, '2013-05-29', 'LTL', 'TND', 1, '1.60870'),
(692, '2013-05-29', 'LTL', 'TRY', 1, '1.44560'),
(693, '2013-05-29', 'LTL', 'TWD', 100, '8.92240'),
(694, '2013-05-29', 'LTL', 'TZS', 1000, '1.63710'),
(695, '2013-05-29', 'LTL', 'UAH', 10, '3.28150'),
(696, '2013-05-29', 'LTL', 'UYU', 10, '1.40340'),
(697, '2013-05-29', 'LTL', 'USD', 1, '2.67590'),
(698, '2013-05-29', 'LTL', 'UZS', 1000, '1.29600'),
(699, '2013-05-29', 'LTL', 'VEF', 10, '4.24110'),
(700, '2013-05-29', 'LTL', 'VND', 10000, '1.27070'),
(701, '2013-05-29', 'LTL', 'XAF', 1000, '5.25000'),
(702, '2013-05-29', 'LTL', 'XDR', 1, '4.00090'),
(703, '2013-05-29', 'LTL', 'XOF', 1000, '5.26380'),
(704, '2013-05-29', 'LTL', 'ZAR', 10, '2.80050'),
(705, '2013-05-30', 'LTL', 'AED', 10, '7.26520'),
(706, '2013-05-30', 'LTL', 'AFN', 100, '4.85540'),
(707, '2013-05-30', 'LTL', 'ALL', 100, '2.44750'),
(708, '2013-05-30', 'LTL', 'AMD', 1000, '6.40700'),
(709, '2013-05-30', 'LTL', 'ARS', 10, '5.07230'),
(710, '2013-05-30', 'LTL', 'AUD', 1, '2.56470'),
(711, '2013-05-30', 'LTL', 'AZN', 1, '3.40460'),
(712, '2013-05-30', 'LTL', 'BAM', 1, '1.76530'),
(713, '2013-05-30', 'LTL', 'BDT', 100, '3.42250'),
(714, '2013-05-30', 'LTL', 'BGN', 1, '1.76550'),
(715, '2013-05-30', 'LTL', 'BHD', 1, '7.07830'),
(716, '2013-05-30', 'LTL', 'BYR', 10000, '3.08490'),
(717, '2013-05-30', 'LTL', 'BOB', 10, '3.80670'),
(718, '2013-05-30', 'LTL', 'BRL', 1, '1.30540'),
(719, '2013-05-30', 'LTL', 'CAD', 1, '2.58000'),
(720, '2013-05-30', 'LTL', 'CHF', 1, '2.75610'),
(721, '2013-05-30', 'LTL', 'CLP', 1000, '5.47330'),
(722, '2013-05-30', 'LTL', 'CNY', 10, '4.38240'),
(723, '2013-05-30', 'LTL', 'COP', 1000, '1.43010'),
(724, '2013-05-30', 'LTL', 'CZK', 10, '1.33240'),
(725, '2013-05-30', 'LTL', 'DKK', 10, '4.63270'),
(726, '2013-05-30', 'LTL', 'DZD', 100, '3.36090'),
(727, '2013-05-30', 'LTL', 'EGP', 10, '3.82200'),
(728, '2013-05-30', 'LTL', 'ETB', 10, '1.43080'),
(729, '2013-05-30', 'LTL', 'EUR', 1, '3.45280'),
(730, '2013-05-30', 'LTL', 'GBP', 1, '4.04000'),
(731, '2013-05-30', 'LTL', 'GEL', 1, '1.63110'),
(732, '2013-05-30', 'LTL', 'GNF', 10000, '3.74400'),
(733, '2013-05-30', 'LTL', 'HKD', 10, '3.43730'),
(734, '2013-05-30', 'LTL', 'HRK', 10, '4.56750'),
(735, '2013-05-30', 'LTL', 'HUF', 100, '1.19920'),
(736, '2013-05-30', 'LTL', 'IDR', 10000, '2.72990'),
(737, '2013-05-30', 'LTL', 'YER', 100, '1.24070'),
(738, '2013-05-30', 'LTL', 'ILS', 10, '7.21050'),
(739, '2013-05-30', 'LTL', 'INR', 100, '4.80430'),
(740, '2013-05-30', 'LTL', 'IQD', 1000, '2.32050'),
(741, '2013-05-30', 'LTL', 'IRR', 10000, '2.17330'),
(742, '2013-05-30', 'LTL', 'ISK', 100, '2.16200'),
(743, '2013-05-30', 'LTL', 'JOD', 1, '3.76910'),
(744, '2013-05-30', 'LTL', 'JPY', 100, '2.62940'),
(745, '2013-05-30', 'LTL', 'KES', 100, '3.16360'),
(746, '2013-05-30', 'LTL', 'KGS', 100, '5.52620'),
(747, '2013-05-30', 'LTL', 'KRW', 1000, '2.36760'),
(748, '2013-05-30', 'LTL', 'KWD', 1, '9.30930'),
(749, '2013-05-30', 'LTL', 'KZT', 100, '1.77910'),
(750, '2013-05-30', 'LTL', 'LBP', 1000, '1.77430'),
(751, '2013-05-30', 'LTL', 'LKR', 100, '2.11200'),
(752, '2013-05-30', 'LTL', 'LVL', 1, '4.92380'),
(753, '2013-05-30', 'LTL', 'MAD', 10, '3.11220'),
(754, '2013-05-30', 'LTL', 'MDL', 10, '2.13930'),
(755, '2013-05-30', 'LTL', 'MGA', 1000, '1.20880'),
(756, '2013-05-30', 'LTL', 'MYR', 10, '8.79390'),
(757, '2013-05-30', 'LTL', 'MKD', 100, '5.55360'),
(758, '2013-05-30', 'LTL', 'MNT', 1000, '1.87590'),
(759, '2013-05-30', 'LTL', 'MXN', 10, '2.14630'),
(760, '2013-05-30', 'LTL', 'MZN', 100, '8.80700'),
(761, '2013-05-30', 'LTL', 'NOK', 10, '4.55060'),
(762, '2013-05-30', 'LTL', 'NZD', 1, '2.16320'),
(763, '2013-05-30', 'LTL', 'PAB', 1, '2.66850'),
(764, '2013-05-30', 'LTL', 'PEN', 10, '9.99260'),
(765, '2013-05-30', 'LTL', 'PHP', 100, '6.41160'),
(766, '2013-05-30', 'LTL', 'PKR', 100, '2.71450'),
(767, '2013-05-30', 'LTL', 'PLN', 10, '8.18380'),
(768, '2013-05-30', 'LTL', 'QAR', 10, '7.32940'),
(769, '2013-05-30', 'LTL', 'RON', 10, '7.94520'),
(770, '2013-05-30', 'LTL', 'RSD', 100, '3.10760'),
(771, '2013-05-30', 'LTL', 'RUB', 100, '8.51440'),
(772, '2013-05-30', 'LTL', 'SAR', 10, '7.11570'),
(773, '2013-05-30', 'LTL', 'SEK', 10, '3.99790'),
(774, '2013-05-30', 'LTL', 'SGD', 1, '2.10930'),
(775, '2013-05-30', 'LTL', 'SYP', 100, '2.73550'),
(776, '2013-05-30', 'LTL', 'THB', 100, '8.89660'),
(777, '2013-05-30', 'LTL', 'TJS', 10, '5.61100'),
(778, '2013-05-30', 'LTL', 'TMT', 10, '9.36240'),
(779, '2013-05-30', 'LTL', 'TND', 1, '1.60870'),
(780, '2013-05-30', 'LTL', 'TRY', 1, '1.44280'),
(781, '2013-05-30', 'LTL', 'TWD', 100, '8.92240'),
(782, '2013-05-30', 'LTL', 'TZS', 1000, '1.63710'),
(783, '2013-05-30', 'LTL', 'UAH', 10, '3.29280'),
(784, '2013-05-30', 'LTL', 'UYU', 10, '1.40340'),
(785, '2013-05-30', 'LTL', 'USD', 1, '2.68540'),
(786, '2013-05-30', 'LTL', 'UZS', 1000, '1.29600'),
(787, '2013-05-30', 'LTL', 'VEF', 10, '4.24110'),
(788, '2013-05-30', 'LTL', 'VND', 10000, '1.27070'),
(789, '2013-05-30', 'LTL', 'XAF', 1000, '5.25000'),
(790, '2013-05-30', 'LTL', 'XDR', 1, '4.01010'),
(791, '2013-05-30', 'LTL', 'XOF', 1000, '5.26380'),
(792, '2013-05-30', 'LTL', 'ZAR', 10, '2.80050'),
(793, '2013-06-03', 'LTL', 'AED', 10, '7.21090'),
(794, '2013-06-03', 'LTL', 'AFN', 100, '4.78600'),
(795, '2013-06-03', 'LTL', 'ALL', 100, '2.45760'),
(796, '2013-06-03', 'LTL', 'AMD', 1000, '6.34580'),
(797, '2013-06-03', 'LTL', 'ARS', 10, '5.01660'),
(798, '2013-06-03', 'LTL', 'AUD', 1, '2.55390'),
(799, '2013-06-03', 'LTL', 'AZN', 1, '3.37910'),
(800, '2013-06-03', 'LTL', 'BAM', 1, '1.75900'),
(801, '2013-06-03', 'LTL', 'BDT', 100, '3.39560'),
(802, '2013-06-03', 'LTL', 'BGN', 1, '1.76560'),
(803, '2013-06-03', 'LTL', 'BHD', 1, '7.02540'),
(804, '2013-06-03', 'LTL', 'BYR', 10000, '3.04780'),
(805, '2013-06-03', 'LTL', 'BOB', 10, '3.77830'),
(806, '2013-06-03', 'LTL', 'BRL', 1, '1.25510'),
(807, '2013-06-03', 'LTL', 'CAD', 1, '2.57040'),
(808, '2013-06-03', 'LTL', 'CHF', 1, '2.77610'),
(809, '2013-06-03', 'LTL', 'CLP', 1000, '5.34900'),
(810, '2013-06-03', 'LTL', 'CNY', 10, '4.31780'),
(811, '2013-06-03', 'LTL', 'COP', 1000, '1.40090'),
(812, '2013-06-03', 'LTL', 'CZK', 10, '1.34320'),
(813, '2013-06-03', 'LTL', 'DKK', 10, '4.63200'),
(814, '2013-06-03', 'LTL', 'DZD', 100, '3.34720'),
(815, '2013-06-03', 'LTL', 'EGP', 10, '3.79250'),
(816, '2013-06-03', 'LTL', 'ETB', 10, '1.41920'),
(817, '2013-06-03', 'LTL', 'EUR', 1, '3.45280'),
(818, '2013-06-03', 'LTL', 'GBP', 1, '4.03100'),
(819, '2013-06-03', 'LTL', 'GEL', 1, '1.61290'),
(820, '2013-06-03', 'LTL', 'GNF', 10000, '3.76670'),
(821, '2013-06-03', 'LTL', 'HKD', 10, '3.41150'),
(822, '2013-06-03', 'LTL', 'HRK', 10, '4.57410'),
(823, '2013-06-03', 'LTL', 'HUF', 100, '1.17400'),
(824, '2013-06-03', 'LTL', 'IDR', 10000, '2.70190'),
(825, '2013-06-03', 'LTL', 'YER', 100, '1.23150'),
(826, '2013-06-03', 'LTL', 'ILS', 10, '7.19350'),
(827, '2013-06-03', 'LTL', 'INR', 100, '4.69150'),
(828, '2013-06-03', 'LTL', 'IQD', 1000, '2.30910'),
(829, '2013-06-03', 'LTL', 'IRR', 10000, '2.15710'),
(830, '2013-06-03', 'LTL', 'ISK', 100, '2.16180'),
(831, '2013-06-03', 'LTL', 'JOD', 1, '3.73670'),
(832, '2013-06-03', 'LTL', 'JPY', 100, '2.62680'),
(833, '2013-06-03', 'LTL', 'KES', 100, '3.10860'),
(834, '2013-06-03', 'LTL', 'KGS', 100, '5.49150'),
(835, '2013-06-03', 'LTL', 'KRW', 1000, '2.34510'),
(836, '2013-06-03', 'LTL', 'KWD', 1, '9.26300'),
(837, '2013-06-03', 'LTL', 'KZT', 100, '1.74850'),
(838, '2013-06-03', 'LTL', 'LBP', 1000, '1.75110'),
(839, '2013-06-03', 'LTL', 'LKR', 100, '2.09460'),
(840, '2013-06-03', 'LTL', 'LVL', 1, '4.92300'),
(841, '2013-06-03', 'LTL', 'MAD', 10, '3.10270'),
(842, '2013-06-03', 'LTL', 'MDL', 10, '2.11840'),
(843, '2013-06-03', 'LTL', 'MGA', 1000, '1.20030'),
(844, '2013-06-03', 'LTL', 'MYR', 10, '8.58950'),
(845, '2013-06-03', 'LTL', 'MKD', 100, '5.51780'),
(846, '2013-06-03', 'LTL', 'MNT', 1000, '1.84250'),
(847, '2013-06-03', 'LTL', 'MXN', 10, '2.06220'),
(848, '2013-06-03', 'LTL', 'MZN', 100, '8.96300'),
(849, '2013-06-03', 'LTL', 'NOK', 10, '4.53590'),
(850, '2013-06-03', 'LTL', 'NZD', 1, '2.14060'),
(851, '2013-06-03', 'LTL', 'PAB', 1, '2.64860'),
(852, '2013-06-03', 'LTL', 'PEN', 10, '9.71590'),
(853, '2013-06-03', 'LTL', 'PHP', 100, '6.26140'),
(854, '2013-06-03', 'LTL', 'PKR', 100, '2.68820'),
(855, '2013-06-03', 'LTL', 'PLN', 10, '8.08350'),
(856, '2013-06-03', 'LTL', 'QAR', 10, '7.27370'),
(857, '2013-06-03', 'LTL', 'RON', 10, '7.92120'),
(858, '2013-06-03', 'LTL', 'RSD', 100, '3.08300'),
(859, '2013-06-03', 'LTL', 'RUB', 100, '8.31800'),
(860, '2013-06-03', 'LTL', 'SAR', 10, '7.06250'),
(861, '2013-06-03', 'LTL', 'SEK', 10, '4.03000'),
(862, '2013-06-03', 'LTL', 'SGD', 1, '2.09850'),
(863, '2013-06-03', 'LTL', 'SYP', 100, '2.71930'),
(864, '2013-06-03', 'LTL', 'THB', 100, '8.77150'),
(865, '2013-06-03', 'LTL', 'TJS', 10, '5.61100'),
(866, '2013-06-03', 'LTL', 'TMT', 10, '9.28100'),
(867, '2013-06-03', 'LTL', 'TND', 1, '1.61790'),
(868, '2013-06-03', 'LTL', 'TRY', 1, '1.41290'),
(869, '2013-06-03', 'LTL', 'TWD', 100, '8.85100'),
(870, '2013-06-03', 'LTL', 'TZS', 1000, '1.62290'),
(871, '2013-06-03', 'LTL', 'UAH', 10, '3.25160'),
(872, '2013-06-03', 'LTL', 'UYU', 10, '1.31740'),
(873, '2013-06-03', 'LTL', 'USD', 1, '2.64860'),
(874, '2013-06-03', 'LTL', 'UZS', 1000, '1.27240'),
(875, '2013-06-03', 'LTL', 'VEF', 10, '4.20930'),
(876, '2013-06-03', 'LTL', 'VND', 10000, '1.26040'),
(877, '2013-06-03', 'LTL', 'XAF', 1000, '5.26220'),
(878, '2013-06-03', 'LTL', 'XDR', 1, '3.96430'),
(879, '2013-06-03', 'LTL', 'XOF', 1000, '5.26220'),
(880, '2013-06-03', 'LTL', 'ZAR', 10, '2.58610'),
(881, '2013-06-04', 'LTL', 'AED', 10, '7.21090'),
(882, '2013-06-04', 'LTL', 'AFN', 100, '4.78600'),
(883, '2013-06-04', 'LTL', 'ALL', 100, '2.45760'),
(884, '2013-06-04', 'LTL', 'AMD', 1000, '6.34580'),
(885, '2013-06-04', 'LTL', 'ARS', 10, '5.01660'),
(886, '2013-06-04', 'LTL', 'AUD', 1, '2.55670'),
(887, '2013-06-04', 'LTL', 'AZN', 1, '3.37910'),
(888, '2013-06-04', 'LTL', 'BAM', 1, '1.75900'),
(889, '2013-06-04', 'LTL', 'BDT', 100, '3.39560'),
(890, '2013-06-04', 'LTL', 'BGN', 1, '1.76540'),
(891, '2013-06-04', 'LTL', 'BHD', 1, '7.02540'),
(892, '2013-06-04', 'LTL', 'BYR', 10000, '3.05200'),
(893, '2013-06-04', 'LTL', 'BOB', 10, '3.77830'),
(894, '2013-06-04', 'LTL', 'BRL', 1, '1.25510'),
(895, '2013-06-04', 'LTL', 'CAD', 1, '2.56080'),
(896, '2013-06-04', 'LTL', 'CHF', 1, '2.77530'),
(897, '2013-06-04', 'LTL', 'CLP', 1000, '5.34900'),
(898, '2013-06-04', 'LTL', 'CNY', 10, '4.32290'),
(899, '2013-06-04', 'LTL', 'COP', 1000, '1.40090'),
(900, '2013-06-04', 'LTL', 'CZK', 10, '1.34490'),
(901, '2013-06-04', 'LTL', 'DKK', 10, '4.63140'),
(902, '2013-06-04', 'LTL', 'DZD', 100, '3.34720'),
(903, '2013-06-04', 'LTL', 'EGP', 10, '3.79250'),
(904, '2013-06-04', 'LTL', 'ETB', 10, '1.41920'),
(905, '2013-06-04', 'LTL', 'EUR', 1, '3.45280'),
(906, '2013-06-04', 'LTL', 'GBP', 1, '4.04170'),
(907, '2013-06-04', 'LTL', 'GEL', 1, '1.61290'),
(908, '2013-06-04', 'LTL', 'GNF', 10000, '3.76670'),
(909, '2013-06-04', 'LTL', 'HKD', 10, '3.41150'),
(910, '2013-06-04', 'LTL', 'HRK', 10, '4.57230'),
(911, '2013-06-04', 'LTL', 'HUF', 100, '1.16430'),
(912, '2013-06-04', 'LTL', 'IDR', 10000, '2.70190'),
(913, '2013-06-04', 'LTL', 'YER', 100, '1.23150'),
(914, '2013-06-04', 'LTL', 'ILS', 10, '7.19350'),
(915, '2013-06-04', 'LTL', 'INR', 100, '4.69150'),
(916, '2013-06-04', 'LTL', 'IQD', 1000, '2.30910'),
(917, '2013-06-04', 'LTL', 'IRR', 10000, '2.15710'),
(918, '2013-06-04', 'LTL', 'ISK', 100, '2.16830'),
(919, '2013-06-04', 'LTL', 'JOD', 1, '3.73670'),
(920, '2013-06-04', 'LTL', 'JPY', 100, '2.63990'),
(921, '2013-06-04', 'LTL', 'KES', 100, '3.10860'),
(922, '2013-06-04', 'LTL', 'KGS', 100, '5.49150'),
(923, '2013-06-04', 'LTL', 'KRW', 1000, '2.34510'),
(924, '2013-06-04', 'LTL', 'KWD', 1, '9.26300'),
(925, '2013-06-04', 'LTL', 'KZT', 100, '1.75080'),
(926, '2013-06-04', 'LTL', 'LBP', 1000, '1.75110'),
(927, '2013-06-04', 'LTL', 'LKR', 100, '2.09460'),
(928, '2013-06-04', 'LTL', 'LVL', 1, '4.92330'),
(929, '2013-06-04', 'LTL', 'MAD', 10, '3.10270'),
(930, '2013-06-04', 'LTL', 'MDL', 10, '2.12400'),
(931, '2013-06-04', 'LTL', 'MGA', 1000, '1.20030'),
(932, '2013-06-04', 'LTL', 'MYR', 10, '8.58950'),
(933, '2013-06-04', 'LTL', 'MKD', 100, '5.51780'),
(934, '2013-06-04', 'LTL', 'MNT', 1000, '1.84250'),
(935, '2013-06-04', 'LTL', 'MXN', 10, '2.06220'),
(936, '2013-06-04', 'LTL', 'MZN', 100, '8.96300'),
(937, '2013-06-04', 'LTL', 'NOK', 10, '4.53730'),
(938, '2013-06-04', 'LTL', 'NZD', 1, '2.14060'),
(939, '2013-06-04', 'LTL', 'PAB', 1, '2.64860'),
(940, '2013-06-04', 'LTL', 'PEN', 10, '9.71590'),
(941, '2013-06-04', 'LTL', 'PHP', 100, '6.26140'),
(942, '2013-06-04', 'LTL', 'PKR', 100, '2.68820'),
(943, '2013-06-04', 'LTL', 'PLN', 10, '8.07650'),
(944, '2013-06-04', 'LTL', 'QAR', 10, '7.27370'),
(945, '2013-06-04', 'LTL', 'RON', 10, '7.87270'),
(946, '2013-06-04', 'LTL', 'RSD', 100, '3.08300'),
(947, '2013-06-04', 'LTL', 'RUB', 100, '8.26550'),
(948, '2013-06-04', 'LTL', 'SAR', 10, '7.06250'),
(949, '2013-06-04', 'LTL', 'SEK', 10, '4.02470'),
(950, '2013-06-04', 'LTL', 'SGD', 1, '2.09850'),
(951, '2013-06-04', 'LTL', 'SYP', 100, '2.71930'),
(952, '2013-06-04', 'LTL', 'THB', 100, '8.77150'),
(953, '2013-06-04', 'LTL', 'TJS', 10, '5.61100'),
(954, '2013-06-04', 'LTL', 'TMT', 10, '9.28100'),
(955, '2013-06-04', 'LTL', 'TND', 1, '1.61790'),
(956, '2013-06-04', 'LTL', 'TRY', 1, '1.39990'),
(957, '2013-06-04', 'LTL', 'TWD', 100, '8.85100'),
(958, '2013-06-04', 'LTL', 'TZS', 1000, '1.62290'),
(959, '2013-06-04', 'LTL', 'UAH', 10, '3.25360'),
(960, '2013-06-04', 'LTL', 'UYU', 10, '1.31740'),
(961, '2013-06-04', 'LTL', 'USD', 1, '2.65070'),
(962, '2013-06-04', 'LTL', 'UZS', 1000, '1.27240'),
(963, '2013-06-04', 'LTL', 'VEF', 10, '4.20930'),
(964, '2013-06-04', 'LTL', 'VND', 10000, '1.26040'),
(965, '2013-06-04', 'LTL', 'XAF', 1000, '5.26220'),
(966, '2013-06-04', 'LTL', 'XDR', 1, '3.97280'),
(967, '2013-06-04', 'LTL', 'XOF', 1000, '5.26220'),
(968, '2013-06-04', 'LTL', 'ZAR', 10, '2.58610'),
(969, '2013-06-05', 'LTL', 'AED', 10, '7.21090'),
(970, '2013-06-05', 'LTL', 'AFN', 100, '4.78600'),
(971, '2013-06-05', 'LTL', 'ALL', 100, '2.45760'),
(972, '2013-06-05', 'LTL', 'AMD', 1000, '6.34580'),
(973, '2013-06-05', 'LTL', 'ARS', 10, '5.01660'),
(974, '2013-06-05', 'LTL', 'AUD', 1, '2.56170'),
(975, '2013-06-05', 'LTL', 'AZN', 1, '3.37910'),
(976, '2013-06-05', 'LTL', 'BAM', 1, '1.75900'),
(977, '2013-06-05', 'LTL', 'BDT', 100, '3.39560'),
(978, '2013-06-05', 'LTL', 'BGN', 1, '1.76530'),
(979, '2013-06-05', 'LTL', 'BHD', 1, '7.02540'),
(980, '2013-06-05', 'LTL', 'BYR', 10000, '3.03930'),
(981, '2013-06-05', 'LTL', 'BOB', 10, '3.77830'),
(982, '2013-06-05', 'LTL', 'BRL', 1, '1.25510'),
(983, '2013-06-05', 'LTL', 'CAD', 1, '2.56400'),
(984, '2013-06-05', 'LTL', 'CHF', 1, '2.78150'),
(985, '2013-06-05', 'LTL', 'CLP', 1000, '5.34900'),
(986, '2013-06-05', 'LTL', 'CNY', 10, '4.31230'),
(987, '2013-06-05', 'LTL', 'COP', 1000, '1.40090'),
(988, '2013-06-05', 'LTL', 'CZK', 10, '1.34260'),
(989, '2013-06-05', 'LTL', 'DKK', 10, '4.63230'),
(990, '2013-06-05', 'LTL', 'DZD', 100, '3.34720'),
(991, '2013-06-05', 'LTL', 'EGP', 10, '3.79250'),
(992, '2013-06-05', 'LTL', 'ETB', 10, '1.41920'),
(993, '2013-06-05', 'LTL', 'EUR', 1, '3.45280'),
(994, '2013-06-05', 'LTL', 'GBP', 1, '4.04560'),
(995, '2013-06-05', 'LTL', 'GEL', 1, '1.61290'),
(996, '2013-06-05', 'LTL', 'GNF', 10000, '3.76670'),
(997, '2013-06-05', 'LTL', 'HKD', 10, '3.41150'),
(998, '2013-06-05', 'LTL', 'HRK', 10, '4.58140'),
(999, '2013-06-05', 'LTL', 'HUF', 100, '1.17800'),
(1000, '2013-06-05', 'LTL', 'IDR', 10000, '2.70190'),
(1001, '2013-06-05', 'LTL', 'YER', 100, '1.23150'),
(1002, '2013-06-05', 'LTL', 'ILS', 10, '7.19350'),
(1003, '2013-06-05', 'LTL', 'INR', 100, '4.69150'),
(1004, '2013-06-05', 'LTL', 'IQD', 1000, '2.30910'),
(1005, '2013-06-05', 'LTL', 'IRR', 10000, '2.15710'),
(1006, '2013-06-05', 'LTL', 'ISK', 100, '2.16290'),
(1007, '2013-06-05', 'LTL', 'JOD', 1, '3.73670'),
(1008, '2013-06-05', 'LTL', 'JPY', 100, '2.63810'),
(1009, '2013-06-05', 'LTL', 'KES', 100, '3.10860'),
(1010, '2013-06-05', 'LTL', 'KGS', 100, '5.49150'),
(1011, '2013-06-05', 'LTL', 'KRW', 1000, '2.34510'),
(1012, '2013-06-05', 'LTL', 'KWD', 1, '9.26300'),
(1013, '2013-06-05', 'LTL', 'KZT', 100, '1.74600'),
(1014, '2013-06-05', 'LTL', 'LBP', 1000, '1.75110'),
(1015, '2013-06-05', 'LTL', 'LKR', 100, '2.09460'),
(1016, '2013-06-05', 'LTL', 'LVL', 1, '4.92490'),
(1017, '2013-06-05', 'LTL', 'MAD', 10, '3.10270'),
(1018, '2013-06-05', 'LTL', 'MDL', 10, '2.11920'),
(1019, '2013-06-05', 'LTL', 'MGA', 1000, '1.20030'),
(1020, '2013-06-05', 'LTL', 'MYR', 10, '8.58950'),
(1021, '2013-06-05', 'LTL', 'MKD', 100, '5.51780'),
(1022, '2013-06-05', 'LTL', 'MNT', 1000, '1.84250'),
(1023, '2013-06-05', 'LTL', 'MXN', 10, '2.06220'),
(1024, '2013-06-05', 'LTL', 'MZN', 100, '8.96300'),
(1025, '2013-06-05', 'LTL', 'NOK', 10, '4.54900'),
(1026, '2013-06-05', 'LTL', 'NZD', 1, '2.14060'),
(1027, '2013-06-05', 'LTL', 'PAB', 1, '2.64860'),
(1028, '2013-06-05', 'LTL', 'PEN', 10, '9.71590'),
(1029, '2013-06-05', 'LTL', 'PHP', 100, '6.26140'),
(1030, '2013-06-05', 'LTL', 'PKR', 100, '2.68820'),
(1031, '2013-06-05', 'LTL', 'PLN', 10, '8.10960'),
(1032, '2013-06-05', 'LTL', 'QAR', 10, '7.27370'),
(1033, '2013-06-05', 'LTL', 'RON', 10, '7.84810'),
(1034, '2013-06-05', 'LTL', 'RSD', 100, '3.08300'),
(1035, '2013-06-05', 'LTL', 'RUB', 100, '8.29520'),
(1036, '2013-06-05', 'LTL', 'SAR', 10, '7.06250'),
(1037, '2013-06-05', 'LTL', 'SEK', 10, '4.03630'),
(1038, '2013-06-05', 'LTL', 'SGD', 1, '2.09850'),
(1039, '2013-06-05', 'LTL', 'SYP', 100, '2.71930'),
(1040, '2013-06-05', 'LTL', 'THB', 100, '8.77150'),
(1041, '2013-06-05', 'LTL', 'TJS', 10, '5.61100'),
(1042, '2013-06-05', 'LTL', 'TMT', 10, '9.28100'),
(1043, '2013-06-05', 'LTL', 'TND', 1, '1.61790'),
(1044, '2013-06-05', 'LTL', 'TRY', 1, '1.40170'),
(1045, '2013-06-05', 'LTL', 'TWD', 100, '8.85100'),
(1046, '2013-06-05', 'LTL', 'TZS', 1000, '1.62290'),
(1047, '2013-06-05', 'LTL', 'UAH', 10, '3.24260'),
(1048, '2013-06-05', 'LTL', 'UYU', 10, '1.31740'),
(1049, '2013-06-05', 'LTL', 'USD', 1, '2.64270'),
(1050, '2013-06-05', 'LTL', 'UZS', 1000, '1.27240'),
(1051, '2013-06-05', 'LTL', 'VEF', 10, '4.20930'),
(1052, '2013-06-05', 'LTL', 'VND', 10000, '1.26040'),
(1053, '2013-06-05', 'LTL', 'XAF', 1000, '5.26220'),
(1054, '2013-06-05', 'LTL', 'XDR', 1, '3.96500'),
(1055, '2013-06-05', 'LTL', 'XOF', 1000, '5.26220'),
(1056, '2013-06-05', 'LTL', 'ZAR', 10, '2.58610'),
(1057, '2013-06-06', 'LTL', 'AED', 10, '7.21090'),
(1058, '2013-06-06', 'LTL', 'AFN', 100, '4.78600'),
(1059, '2013-06-06', 'LTL', 'ALL', 100, '2.45760'),
(1060, '2013-06-06', 'LTL', 'AMD', 1000, '6.34580'),
(1061, '2013-06-06', 'LTL', 'ARS', 10, '5.01660'),
(1062, '2013-06-06', 'LTL', 'AUD', 1, '2.53000'),
(1063, '2013-06-06', 'LTL', 'AZN', 1, '3.37910'),
(1064, '2013-06-06', 'LTL', 'BAM', 1, '1.75900'),
(1065, '2013-06-06', 'LTL', 'BDT', 100, '3.39560'),
(1066, '2013-06-06', 'LTL', 'BGN', 1, '1.76530'),
(1067, '2013-06-06', 'LTL', 'BHD', 1, '7.02540'),
(1068, '2013-06-06', 'LTL', 'BYR', 10000, '3.02980'),
(1069, '2013-06-06', 'LTL', 'BOB', 10, '3.77830'),
(1070, '2013-06-06', 'LTL', 'BRL', 1, '1.25510'),
(1071, '2013-06-06', 'LTL', 'CAD', 1, '2.55380'),
(1072, '2013-06-06', 'LTL', 'CHF', 1, '2.78820'),
(1073, '2013-06-06', 'LTL', 'CLP', 1000, '5.34900'),
(1074, '2013-06-06', 'LTL', 'CNY', 10, '4.30870'),
(1075, '2013-06-06', 'LTL', 'COP', 1000, '1.40090'),
(1076, '2013-06-06', 'LTL', 'CZK', 10, '1.33870'),
(1077, '2013-06-06', 'LTL', 'DKK', 10, '4.63200'),
(1078, '2013-06-06', 'LTL', 'DZD', 100, '3.34720'),
(1079, '2013-06-06', 'LTL', 'EGP', 10, '3.79250'),
(1080, '2013-06-06', 'LTL', 'ETB', 10, '1.41920'),
(1081, '2013-06-06', 'LTL', 'EUR', 1, '3.45280'),
(1082, '2013-06-06', 'LTL', 'GBP', 1, '4.04570'),
(1083, '2013-06-06', 'LTL', 'GEL', 1, '1.61290'),
(1084, '2013-06-06', 'LTL', 'GNF', 10000, '3.76670'),
(1085, '2013-06-06', 'LTL', 'HKD', 10, '3.41150'),
(1086, '2013-06-06', 'LTL', 'HRK', 10, '4.58770'),
(1087, '2013-06-06', 'LTL', 'HUF', 100, '1.17640'),
(1088, '2013-06-06', 'LTL', 'IDR', 10000, '2.70190'),
(1089, '2013-06-06', 'LTL', 'YER', 100, '1.23150'),
(1090, '2013-06-06', 'LTL', 'ILS', 10, '7.19350'),
(1091, '2013-06-06', 'LTL', 'INR', 100, '4.69150'),
(1092, '2013-06-06', 'LTL', 'IQD', 1000, '2.30910'),
(1093, '2013-06-06', 'LTL', 'IRR', 10000, '2.15710'),
(1094, '2013-06-06', 'LTL', 'ISK', 100, '2.16090'),
(1095, '2013-06-06', 'LTL', 'JOD', 1, '3.73670'),
(1096, '2013-06-06', 'LTL', 'JPY', 100, '2.65090'),
(1097, '2013-06-06', 'LTL', 'KES', 100, '3.10860'),
(1098, '2013-06-06', 'LTL', 'KGS', 100, '5.49150'),
(1099, '2013-06-06', 'LTL', 'KRW', 1000, '2.34510'),
(1100, '2013-06-06', 'LTL', 'KWD', 1, '9.26300'),
(1101, '2013-06-06', 'LTL', 'KZT', 100, '1.74470'),
(1102, '2013-06-06', 'LTL', 'LBP', 1000, '1.75110'),
(1103, '2013-06-06', 'LTL', 'LKR', 100, '2.09460'),
(1104, '2013-06-06', 'LTL', 'LVL', 1, '4.91800'),
(1105, '2013-06-06', 'LTL', 'MAD', 10, '3.10270'),
(1106, '2013-06-06', 'LTL', 'MDL', 10, '2.11920'),
(1107, '2013-06-06', 'LTL', 'MGA', 1000, '1.20030'),
(1108, '2013-06-06', 'LTL', 'MYR', 10, '8.58950'),
(1109, '2013-06-06', 'LTL', 'MKD', 100, '5.51780'),
(1110, '2013-06-06', 'LTL', 'MNT', 1000, '1.84250'),
(1111, '2013-06-06', 'LTL', 'MXN', 10, '2.06220'),
(1112, '2013-06-06', 'LTL', 'MZN', 100, '8.96300'),
(1113, '2013-06-06', 'LTL', 'NOK', 10, '4.53520'),
(1114, '2013-06-06', 'LTL', 'NZD', 1, '2.14060'),
(1115, '2013-06-06', 'LTL', 'PAB', 1, '2.64860'),
(1116, '2013-06-06', 'LTL', 'PEN', 10, '9.71590'),
(1117, '2013-06-06', 'LTL', 'PHP', 100, '6.26140'),
(1118, '2013-06-06', 'LTL', 'PKR', 100, '2.68820'),
(1119, '2013-06-06', 'LTL', 'PLN', 10, '8.13550'),
(1120, '2013-06-06', 'LTL', 'QAR', 10, '7.27370'),
(1121, '2013-06-06', 'LTL', 'RON', 10, '7.84470'),
(1122, '2013-06-06', 'LTL', 'RSD', 100, '3.08300'),
(1123, '2013-06-06', 'LTL', 'RUB', 100, '8.24360'),
(1124, '2013-06-06', 'LTL', 'SAR', 10, '7.06250'),
(1125, '2013-06-06', 'LTL', 'SEK', 10, '4.00810'),
(1126, '2013-06-06', 'LTL', 'SGD', 1, '2.09850'),
(1127, '2013-06-06', 'LTL', 'SYP', 100, '2.71930'),
(1128, '2013-06-06', 'LTL', 'THB', 100, '8.77150'),
(1129, '2013-06-06', 'LTL', 'TJS', 10, '5.61100'),
(1130, '2013-06-06', 'LTL', 'TMT', 10, '9.28100'),
(1131, '2013-06-06', 'LTL', 'TND', 1, '1.61790'),
(1132, '2013-06-06', 'LTL', 'TRY', 1, '1.40260'),
(1133, '2013-06-06', 'LTL', 'TWD', 100, '8.85100'),
(1134, '2013-06-06', 'LTL', 'TZS', 1000, '1.62290'),
(1135, '2013-06-06', 'LTL', 'UAH', 10, '3.23840'),
(1136, '2013-06-06', 'LTL', 'UYU', 10, '1.31740'),
(1137, '2013-06-06', 'LTL', 'USD', 1, '2.64050'),
(1138, '2013-06-06', 'LTL', 'UZS', 1000, '1.27240'),
(1139, '2013-06-06', 'LTL', 'VEF', 10, '4.20930'),
(1140, '2013-06-06', 'LTL', 'VND', 10000, '1.26040'),
(1141, '2013-06-06', 'LTL', 'XAF', 1000, '5.26220'),
(1142, '2013-06-06', 'LTL', 'XDR', 1, '3.97200'),
(1143, '2013-06-06', 'LTL', 'XOF', 1000, '5.26220'),
(1144, '2013-06-06', 'LTL', 'ZAR', 10, '2.58610'),
(1145, '2013-06-07', 'LTL', 'AED', 10, '7.21090'),
(1146, '2013-06-07', 'LTL', 'AFN', 100, '4.78600'),
(1147, '2013-06-07', 'LTL', 'ALL', 100, '2.45760'),
(1148, '2013-06-07', 'LTL', 'AMD', 1000, '6.34580'),
(1149, '2013-06-07', 'LTL', 'ARS', 10, '5.01660'),
(1150, '2013-06-07', 'LTL', 'AUD', 1, '2.49390'),
(1151, '2013-06-07', 'LTL', 'AZN', 1, '3.37910'),
(1152, '2013-06-07', 'LTL', 'BAM', 1, '1.75900'),
(1153, '2013-06-07', 'LTL', 'BDT', 100, '3.39560'),
(1154, '2013-06-07', 'LTL', 'BGN', 1, '1.76540'),
(1155, '2013-06-07', 'LTL', 'BHD', 1, '7.02540'),
(1156, '2013-06-07', 'LTL', 'BYR', 10000, '3.01310'),
(1157, '2013-06-07', 'LTL', 'BOB', 10, '3.77830'),
(1158, '2013-06-07', 'LTL', 'BRL', 1, '1.25510'),
(1159, '2013-06-07', 'LTL', 'CAD', 1, '2.54550'),
(1160, '2013-06-07', 'LTL', 'CHF', 1, '2.79660'),
(1161, '2013-06-07', 'LTL', 'CLP', 1000, '5.34900'),
(1162, '2013-06-07', 'LTL', 'CNY', 10, '4.29170'),
(1163, '2013-06-07', 'LTL', 'COP', 1000, '1.40090'),
(1164, '2013-06-07', 'LTL', 'CZK', 10, '1.34020'),
(1165, '2013-06-07', 'LTL', 'DKK', 10, '4.63210'),
(1166, '2013-06-07', 'LTL', 'DZD', 100, '3.34720'),
(1167, '2013-06-07', 'LTL', 'EGP', 10, '3.79250'),
(1168, '2013-06-07', 'LTL', 'ETB', 10, '1.41920'),
(1169, '2013-06-07', 'LTL', 'EUR', 1, '3.45280'),
(1170, '2013-06-07', 'LTL', 'GBP', 1, '4.06250'),
(1171, '2013-06-07', 'LTL', 'GEL', 1, '1.61290'),
(1172, '2013-06-07', 'LTL', 'GNF', 10000, '3.76670'),
(1173, '2013-06-07', 'LTL', 'HKD', 10, '3.41150'),
(1174, '2013-06-07', 'LTL', 'HRK', 10, '4.59300'),
(1175, '2013-06-07', 'LTL', 'HUF', 100, '1.16010'),
(1176, '2013-06-07', 'LTL', 'IDR', 10000, '2.70190'),
(1177, '2013-06-07', 'LTL', 'YER', 100, '1.23150'),
(1178, '2013-06-07', 'LTL', 'ILS', 10, '7.19350'),
(1179, '2013-06-07', 'LTL', 'INR', 100, '4.69150'),
(1180, '2013-06-07', 'LTL', 'IQD', 1000, '2.30910'),
(1181, '2013-06-07', 'LTL', 'IRR', 10000, '2.15710'),
(1182, '2013-06-07', 'LTL', 'ISK', 100, '2.16500'),
(1183, '2013-06-07', 'LTL', 'JOD', 1, '3.73670'),
(1184, '2013-06-07', 'LTL', 'JPY', 100, '2.65130'),
(1185, '2013-06-07', 'LTL', 'KES', 100, '3.10860'),
(1186, '2013-06-07', 'LTL', 'KGS', 100, '5.49150'),
(1187, '2013-06-07', 'LTL', 'KRW', 1000, '2.34510'),
(1188, '2013-06-07', 'LTL', 'KWD', 1, '9.26300'),
(1189, '2013-06-07', 'LTL', 'KZT', 100, '1.73900'),
(1190, '2013-06-07', 'LTL', 'LBP', 1000, '1.75110'),
(1191, '2013-06-07', 'LTL', 'LKR', 100, '2.09460'),
(1192, '2013-06-07', 'LTL', 'LVL', 1, '4.91580'),
(1193, '2013-06-07', 'LTL', 'MAD', 10, '3.10270'),
(1194, '2013-06-07', 'LTL', 'MDL', 10, '2.10750'),
(1195, '2013-06-07', 'LTL', 'MGA', 1000, '1.20030'),
(1196, '2013-06-07', 'LTL', 'MYR', 10, '8.58950'),
(1197, '2013-06-07', 'LTL', 'MKD', 100, '5.51780'),
(1198, '2013-06-07', 'LTL', 'MNT', 1000, '1.84250'),
(1199, '2013-06-07', 'LTL', 'MXN', 10, '2.06220'),
(1200, '2013-06-07', 'LTL', 'MZN', 100, '8.96300'),
(1201, '2013-06-07', 'LTL', 'NOK', 10, '4.53820'),
(1202, '2013-06-07', 'LTL', 'NZD', 1, '2.14060'),
(1203, '2013-06-07', 'LTL', 'PAB', 1, '2.64860'),
(1204, '2013-06-07', 'LTL', 'PEN', 10, '9.71590'),
(1205, '2013-06-07', 'LTL', 'PHP', 100, '6.26140'),
(1206, '2013-06-07', 'LTL', 'PKR', 100, '2.68820'),
(1207, '2013-06-07', 'LTL', 'PLN', 10, '8.05790'),
(1208, '2013-06-07', 'LTL', 'QAR', 10, '7.27370'),
(1209, '2013-06-07', 'LTL', 'RON', 10, '7.69710'),
(1210, '2013-06-07', 'LTL', 'RSD', 100, '3.08300'),
(1211, '2013-06-07', 'LTL', 'RUB', 100, '8.19450'),
(1212, '2013-06-07', 'LTL', 'SAR', 10, '7.06250'),
(1213, '2013-06-07', 'LTL', 'SEK', 10, '4.00230'),
(1214, '2013-06-07', 'LTL', 'SGD', 1, '2.09850'),
(1215, '2013-06-07', 'LTL', 'SYP', 100, '2.71930'),
(1216, '2013-06-07', 'LTL', 'THB', 100, '8.77150'),
(1217, '2013-06-07', 'LTL', 'TJS', 10, '5.61100'),
(1218, '2013-06-07', 'LTL', 'TMT', 10, '9.28100'),
(1219, '2013-06-07', 'LTL', 'TND', 1, '1.61790'),
(1220, '2013-06-07', 'LTL', 'TRY', 1, '1.39380'),
(1221, '2013-06-07', 'LTL', 'TWD', 100, '8.85100'),
(1222, '2013-06-07', 'LTL', 'TZS', 1000, '1.62290'),
(1223, '2013-06-07', 'LTL', 'UAH', 10, '3.22740'),
(1224, '2013-06-07', 'LTL', 'UYU', 10, '1.31740'),
(1225, '2013-06-07', 'LTL', 'USD', 1, '2.63190'),
(1226, '2013-06-07', 'LTL', 'UZS', 1000, '1.27240'),
(1227, '2013-06-07', 'LTL', 'VEF', 10, '4.20930'),
(1228, '2013-06-07', 'LTL', 'VND', 10000, '1.26040'),
(1229, '2013-06-07', 'LTL', 'XAF', 1000, '5.26220'),
(1230, '2013-06-07', 'LTL', 'XDR', 1, '3.95980'),
(1231, '2013-06-07', 'LTL', 'XOF', 1000, '5.26220'),
(1232, '2013-06-07', 'LTL', 'ZAR', 10, '2.58610'),
(1233, '2013-06-17', 'LTL', 'AED', 10, '7.04910'),
(1234, '2013-06-17', 'LTL', 'AFN', 100, '4.65830'),
(1235, '2013-06-17', 'LTL', 'ALL', 100, '2.44610'),
(1236, '2013-06-17', 'LTL', 'AMD', 1000, '6.25380'),
(1237, '2013-06-17', 'LTL', 'ARS', 10, '4.86100'),
(1238, '2013-06-17', 'LTL', 'AUD', 1, '2.48360'),
(1239, '2013-06-17', 'LTL', 'AZN', 1, '3.30320'),
(1240, '2013-06-17', 'LTL', 'BAM', 1, '1.76960'),
(1241, '2013-06-17', 'LTL', 'BDT', 100, '3.32020'),
(1242, '2013-06-17', 'LTL', 'BGN', 1, '1.76530'),
(1243, '2013-06-17', 'LTL', 'BHD', 1, '6.86760'),
(1244, '2013-06-17', 'LTL', 'BYR', 10000, '2.95730'),
(1245, '2013-06-17', 'LTL', 'BOB', 10, '3.69340'),
(1246, '2013-06-17', 'LTL', 'BRL', 1, '1.22140'),
(1247, '2013-06-17', 'LTL', 'CAD', 1, '2.54320'),
(1248, '2013-06-17', 'LTL', 'CHF', 1, '2.80520'),
(1249, '2013-06-17', 'LTL', 'CLP', 1000, '5.24110'),
(1250, '2013-06-17', 'LTL', 'CNY', 10, '4.22240'),
(1251, '2013-06-17', 'LTL', 'COP', 1000, '1.36870'),
(1252, '2013-06-17', 'LTL', 'CZK', 10, '1.34490'),
(1253, '2013-06-17', 'LTL', 'DJF', 100, '1.47990'),
(1254, '2013-06-17', 'LTL', 'DKK', 10, '4.62910'),
(1255, '2013-06-17', 'LTL', 'DZD', 100, '3.28570'),
(1256, '2013-06-17', 'LTL', 'EGP', 10, '3.70230'),
(1257, '2013-06-17', 'LTL', 'ETB', 10, '1.38450'),
(1258, '2013-06-17', 'LTL', 'EUR', 1, '3.45280'),
(1259, '2013-06-17', 'LTL', 'GBP', 1, '4.06010'),
(1260, '2013-06-17', 'LTL', 'GEL', 1, '1.56240'),
(1261, '2013-06-17', 'LTL', 'GNF', 10000, '3.69760'),
(1262, '2013-06-17', 'LTL', 'HKD', 10, '3.33520'),
(1263, '2013-06-17', 'LTL', 'HRK', 10, '4.62440'),
(1264, '2013-06-17', 'LTL', 'HUF', 100, '1.18200'),
(1265, '2013-06-17', 'LTL', 'IDR', 10000, '2.62120'),
(1266, '2013-06-17', 'LTL', 'YER', 100, '1.20120'),
(1267, '2013-06-17', 'LTL', 'ILS', 10, '7.17610'),
(1268, '2013-06-17', 'LTL', 'INR', 100, '4.48400'),
(1269, '2013-06-17', 'LTL', 'IQD', 1000, '2.22810'),
(1270, '2013-06-17', 'LTL', 'IRR', 10000, '2.10860'),
(1271, '2013-06-17', 'LTL', 'ISK', 100, '2.15250'),
(1272, '2013-06-17', 'LTL', 'JOD', 1, '3.65430'),
(1273, '2013-06-17', 'LTL', 'JPY', 100, '2.73020'),
(1274, '2013-06-17', 'LTL', 'KES', 100, '3.03170'),
(1275, '2013-06-17', 'LTL', 'KGS', 100, '5.34930'),
(1276, '2013-06-17', 'LTL', 'KRW', 1000, '2.29810'),
(1277, '2013-06-17', 'LTL', 'KWD', 1, '9.14130'),
(1278, '2013-06-17', 'LTL', 'KZT', 100, '1.71120'),
(1279, '2013-06-17', 'LTL', 'LBP', 1000, '1.71240'),
(1280, '2013-06-17', 'LTL', 'LKR', 100, '2.01480'),
(1281, '2013-06-17', 'LTL', 'LVL', 1, '4.92030'),
(1282, '2013-06-17', 'LTL', 'MAD', 10, '3.09060'),
(1283, '2013-06-17', 'LTL', 'MDL', 10, '2.08970'),
(1284, '2013-06-17', 'LTL', 'MGA', 1000, '1.19340'),
(1285, '2013-06-17', 'LTL', 'MYR', 10, '8.30630'),
(1286, '2013-06-17', 'LTL', 'MKD', 100, '5.58290'),
(1287, '2013-06-17', 'LTL', 'MNT', 1000, '1.82650');
INSERT INTO `exchange_rates` (`id`, `ratedate`, `from_currency`, `to_currency`, `quantity`, `rate`) VALUES
(1288, '2013-06-17', 'LTL', 'MXN', 10, '2.04440'),
(1289, '2013-06-17', 'LTL', 'MZN', 100, '8.67360'),
(1290, '2013-06-17', 'LTL', 'NOK', 10, '4.50150'),
(1291, '2013-06-17', 'LTL', 'NZD', 1, '2.08580'),
(1292, '2013-06-17', 'LTL', 'PAB', 1, '2.58910'),
(1293, '2013-06-17', 'LTL', 'PEN', 10, '9.46650'),
(1294, '2013-06-17', 'LTL', 'PHP', 100, '6.04360'),
(1295, '2013-06-17', 'LTL', 'PKR', 100, '2.62860'),
(1296, '2013-06-17', 'LTL', 'PLN', 10, '8.17200'),
(1297, '2013-06-17', 'LTL', 'QAR', 10, '7.10990'),
(1298, '2013-06-17', 'LTL', 'RON', 10, '7.74800'),
(1299, '2013-06-17', 'LTL', 'RSD', 100, '3.03010'),
(1300, '2013-06-17', 'LTL', 'RUB', 100, '8.14040'),
(1301, '2013-06-17', 'LTL', 'SAR', 10, '6.90390'),
(1302, '2013-06-17', 'LTL', 'SEK', 10, '3.98560'),
(1303, '2013-06-17', 'LTL', 'SGD', 1, '2.06780'),
(1304, '2013-06-17', 'LTL', 'SYP', 100, '2.59970'),
(1305, '2013-06-17', 'LTL', 'THB', 100, '8.47490'),
(1306, '2013-06-17', 'LTL', 'TJS', 10, '5.43910'),
(1307, '2013-06-17', 'LTL', 'TMT', 10, '9.10690'),
(1308, '2013-06-17', 'LTL', 'TND', 1, '1.59670'),
(1309, '2013-06-17', 'LTL', 'TRY', 1, '1.39270'),
(1310, '2013-06-17', 'LTL', 'TWD', 100, '8.67250'),
(1311, '2013-06-17', 'LTL', 'TZS', 1000, '1.58060'),
(1312, '2013-06-17', 'LTL', 'UAH', 10, '3.17650'),
(1313, '2013-06-17', 'LTL', 'UYU', 10, '1.25410'),
(1314, '2013-06-17', 'LTL', 'USD', 1, '2.58910'),
(1315, '2013-06-17', 'LTL', 'UZS', 1000, '1.23730'),
(1316, '2013-06-17', 'LTL', 'VEF', 10, '4.11480'),
(1317, '2013-06-17', 'LTL', 'VND', 10000, '1.23270'),
(1318, '2013-06-17', 'LTL', 'XAF', 1000, '5.26110'),
(1319, '2013-06-17', 'LTL', 'XDR', 1, '3.95090'),
(1320, '2013-06-17', 'LTL', 'XOF', 1000, '5.24680'),
(1321, '2013-06-17', 'LTL', 'ZAR', 10, '2.61840'),
(1322, '2013-06-18', 'LTL', 'AED', 10, '7.04910'),
(1323, '2013-06-18', 'LTL', 'AFN', 100, '4.65830'),
(1324, '2013-06-18', 'LTL', 'ALL', 100, '2.44610'),
(1325, '2013-06-18', 'LTL', 'AMD', 1000, '6.25380'),
(1326, '2013-06-18', 'LTL', 'ARS', 10, '4.86100'),
(1327, '2013-06-18', 'LTL', 'AUD', 1, '2.49340'),
(1328, '2013-06-18', 'LTL', 'AZN', 1, '3.30320'),
(1329, '2013-06-18', 'LTL', 'BAM', 1, '1.76960'),
(1330, '2013-06-18', 'LTL', 'BDT', 100, '3.32020'),
(1331, '2013-06-18', 'LTL', 'BGN', 1, '1.76530'),
(1332, '2013-06-18', 'LTL', 'BHD', 1, '6.86760'),
(1333, '2013-06-18', 'LTL', 'BYR', 10000, '2.97380'),
(1334, '2013-06-18', 'LTL', 'BOB', 10, '3.69340'),
(1335, '2013-06-18', 'LTL', 'BRL', 1, '1.22140'),
(1336, '2013-06-18', 'LTL', 'CAD', 1, '2.55240'),
(1337, '2013-06-18', 'LTL', 'CHF', 1, '2.80290'),
(1338, '2013-06-18', 'LTL', 'CLP', 1000, '5.24110'),
(1339, '2013-06-18', 'LTL', 'CNY', 10, '4.23150'),
(1340, '2013-06-18', 'LTL', 'COP', 1000, '1.36870'),
(1341, '2013-06-18', 'LTL', 'CZK', 10, '1.33880'),
(1342, '2013-06-18', 'LTL', 'DJF', 100, '1.47990'),
(1343, '2013-06-18', 'LTL', 'DKK', 10, '4.62930'),
(1344, '2013-06-18', 'LTL', 'DZD', 100, '3.28570'),
(1345, '2013-06-18', 'LTL', 'EGP', 10, '3.70230'),
(1346, '2013-06-18', 'LTL', 'ETB', 10, '1.38450'),
(1347, '2013-06-18', 'LTL', 'EUR', 1, '3.45280'),
(1348, '2013-06-18', 'LTL', 'GBP', 1, '4.06780'),
(1349, '2013-06-18', 'LTL', 'GEL', 1, '1.56240'),
(1350, '2013-06-18', 'LTL', 'GNF', 10000, '3.69760'),
(1351, '2013-06-18', 'LTL', 'HKD', 10, '3.33520'),
(1352, '2013-06-18', 'LTL', 'HRK', 10, '4.62530'),
(1353, '2013-06-18', 'LTL', 'HUF', 100, '1.18760'),
(1354, '2013-06-18', 'LTL', 'IDR', 10000, '2.62120'),
(1355, '2013-06-18', 'LTL', 'YER', 100, '1.20120'),
(1356, '2013-06-18', 'LTL', 'ILS', 10, '7.17610'),
(1357, '2013-06-18', 'LTL', 'INR', 100, '4.48400'),
(1358, '2013-06-18', 'LTL', 'IQD', 1000, '2.22810'),
(1359, '2013-06-18', 'LTL', 'IRR', 10000, '2.10860'),
(1360, '2013-06-18', 'LTL', 'ISK', 100, '2.15270'),
(1361, '2013-06-18', 'LTL', 'JOD', 1, '3.65430'),
(1362, '2013-06-18', 'LTL', 'JPY', 100, '2.72600'),
(1363, '2013-06-18', 'LTL', 'KES', 100, '3.03170'),
(1364, '2013-06-18', 'LTL', 'KGS', 100, '5.34930'),
(1365, '2013-06-18', 'LTL', 'KRW', 1000, '2.29810'),
(1366, '2013-06-18', 'LTL', 'KWD', 1, '9.14130'),
(1367, '2013-06-18', 'LTL', 'KZT', 100, '1.71240'),
(1368, '2013-06-18', 'LTL', 'LBP', 1000, '1.71240'),
(1369, '2013-06-18', 'LTL', 'LKR', 100, '2.01480'),
(1370, '2013-06-18', 'LTL', 'LVL', 1, '4.92060'),
(1371, '2013-06-18', 'LTL', 'MAD', 10, '3.09060'),
(1372, '2013-06-18', 'LTL', 'MDL', 10, '2.09680'),
(1373, '2013-06-18', 'LTL', 'MGA', 1000, '1.19340'),
(1374, '2013-06-18', 'LTL', 'MYR', 10, '8.30630'),
(1375, '2013-06-18', 'LTL', 'MKD', 100, '5.58290'),
(1376, '2013-06-18', 'LTL', 'MNT', 1000, '1.82650'),
(1377, '2013-06-18', 'LTL', 'MXN', 10, '2.04440'),
(1378, '2013-06-18', 'LTL', 'MZN', 100, '8.67360'),
(1379, '2013-06-18', 'LTL', 'NOK', 10, '4.53080'),
(1380, '2013-06-18', 'LTL', 'NZD', 1, '2.08580'),
(1381, '2013-06-18', 'LTL', 'PAB', 1, '2.58910'),
(1382, '2013-06-18', 'LTL', 'PEN', 10, '9.46650'),
(1383, '2013-06-18', 'LTL', 'PHP', 100, '6.04360'),
(1384, '2013-06-18', 'LTL', 'PKR', 100, '2.62860'),
(1385, '2013-06-18', 'LTL', 'PLN', 10, '8.15050'),
(1386, '2013-06-18', 'LTL', 'QAR', 10, '7.10990'),
(1387, '2013-06-18', 'LTL', 'RON', 10, '7.76700'),
(1388, '2013-06-18', 'LTL', 'RSD', 100, '3.03010'),
(1389, '2013-06-18', 'LTL', 'RUB', 100, '8.18550'),
(1390, '2013-06-18', 'LTL', 'SAR', 10, '6.90390'),
(1391, '2013-06-18', 'LTL', 'SEK', 10, '4.01720'),
(1392, '2013-06-18', 'LTL', 'SGD', 1, '2.06780'),
(1393, '2013-06-18', 'LTL', 'SYP', 100, '2.59970'),
(1394, '2013-06-18', 'LTL', 'THB', 100, '8.47490'),
(1395, '2013-06-18', 'LTL', 'TJS', 10, '5.43910'),
(1396, '2013-06-18', 'LTL', 'TMT', 10, '9.10690'),
(1397, '2013-06-18', 'LTL', 'TND', 1, '1.59670'),
(1398, '2013-06-18', 'LTL', 'TRY', 1, '1.38780'),
(1399, '2013-06-18', 'LTL', 'TWD', 100, '8.67250'),
(1400, '2013-06-18', 'LTL', 'TZS', 1000, '1.58060'),
(1401, '2013-06-18', 'LTL', 'UAH', 10, '3.17970'),
(1402, '2013-06-18', 'LTL', 'UYU', 10, '1.25410'),
(1403, '2013-06-18', 'LTL', 'USD', 1, '2.59170'),
(1404, '2013-06-18', 'LTL', 'UZS', 1000, '1.23730'),
(1405, '2013-06-18', 'LTL', 'VEF', 10, '4.11480'),
(1406, '2013-06-18', 'LTL', 'VND', 10000, '1.23270'),
(1407, '2013-06-18', 'LTL', 'XAF', 1000, '5.26110'),
(1408, '2013-06-18', 'LTL', 'XDR', 1, '3.95080'),
(1409, '2013-06-18', 'LTL', 'XOF', 1000, '5.24680'),
(1410, '2013-06-18', 'LTL', 'ZAR', 10, '2.61840');

-- --------------------------------------------------------

--
-- Sukurta duomenų struktūra lentelei `expenses`
--

DROP TABLE IF EXISTS `expenses`;
CREATE TABLE IF NOT EXISTS `expenses` (
  `id` int(11) NOT NULL AUTO_INCREMENT,
  `user_id` int(11) DEFAULT NULL,
  `cluster_id` int(11) DEFAULT NULL,
  `on_` datetime DEFAULT NULL,
  `description` varchar(255) COLLATE utf8_lithuanian_ci DEFAULT NULL,
  `amount` decimal(12,3) DEFAULT NULL,
  `attached_to` varchar(255) COLLATE utf8_lithuanian_ci DEFAULT NULL,
  `attached_id` int(11) DEFAULT NULL,
  PRIMARY KEY (`id`)
) ENGINE=InnoDB  DEFAULT CHARSET=utf8 COLLATE=utf8_lithuanian_ci AUTO_INCREMENT=9 ;

--
-- Sukurta duomenų kopija lentelei `expenses`
--

INSERT INTO `expenses` (`id`, `user_id`, `cluster_id`, `on_`, `description`, `amount`, `attached_to`, `attached_id`) VALUES
(1, 18, 2, '2013-05-31 00:00:00', 'something', '25.000', NULL, NULL),
(2, 18, 7, '2013-05-31 00:00:00', 'something', '25.000', NULL, NULL),
(3, 18, 5, '2013-06-25 00:00:00', 'something', '27.020', NULL, NULL),
(4, 18, 8, '2013-06-25 00:00:00', 'New books', '25.000', NULL, NULL),
(5, 25, 11, '2013-06-26 00:00:00', 'Groceries', '40.000', NULL, NULL),
(6, 25, 14, '2013-06-26 00:00:00', 'book', '25.000', NULL, NULL),
(7, 18, 8, '2013-06-27 00:00:00', 'something', '25.020', NULL, NULL),
(8, 18, 4, '2013-06-27 00:00:00', 'something', '400.000', NULL, NULL);

-- --------------------------------------------------------

--
-- Sukurta duomenų struktūra lentelei `incomes`
--

DROP TABLE IF EXISTS `incomes`;
CREATE TABLE IF NOT EXISTS `incomes` (
  `id` int(11) NOT NULL AUTO_INCREMENT,
  `user_id` int(11) DEFAULT NULL,
  `cluster_id` int(11) DEFAULT NULL,
  `on_` datetime DEFAULT NULL,
  `description` varchar(255) COLLATE utf8_lithuanian_ci DEFAULT NULL,
  `amount` decimal(12,3) DEFAULT NULL,
  `attached_to` varchar(255) COLLATE utf8_lithuanian_ci DEFAULT NULL,
  `attached_id` int(11) DEFAULT NULL,
  PRIMARY KEY (`id`)
) ENGINE=InnoDB  DEFAULT CHARSET=utf8 COLLATE=utf8_lithuanian_ci AUTO_INCREMENT=5 ;

--
-- Sukurta duomenų kopija lentelei `incomes`
--

INSERT INTO `incomes` (`id`, `user_id`, `cluster_id`, `on_`, `description`, `amount`, `attached_to`, `attached_id`) VALUES
(1, 18, 9, '2013-06-25 00:00:00', 'Salary', '2000.000', NULL, NULL),
(2, 25, 10, '2013-06-26 00:00:00', 'Salary', '2000.000', NULL, NULL),
(3, 18, 16, '2013-06-10 00:00:00', NULL, '40.000', NULL, NULL),
(4, 25, 17, '2013-06-28 00:00:00', 'tutoring', '35.000', NULL, NULL);

-- --------------------------------------------------------

--
-- Sukurta duomenų struktūra lentelei `logger_actions`
--

DROP TABLE IF EXISTS `logger_actions`;
CREATE TABLE IF NOT EXISTS `logger_actions` (
  `id` int(11) NOT NULL AUTO_INCREMENT,
  `name` varchar(255) COLLATE utf8_lithuanian_ci DEFAULT NULL,
  `ip` varchar(255) COLLATE utf8_lithuanian_ci DEFAULT NULL,
  `user_id` int(11) DEFAULT NULL,
  `on_` datetime DEFAULT NULL,
  `attached_to` varchar(255) COLLATE utf8_lithuanian_ci DEFAULT NULL,
  `attached_id` int(11) DEFAULT NULL,
  `is_error` tinyint(1) DEFAULT NULL,
  `is_access_denied` tinyint(1) DEFAULT NULL,
  PRIMARY KEY (`id`)
) ENGINE=InnoDB  DEFAULT CHARSET=utf8 COLLATE=utf8_lithuanian_ci AUTO_INCREMENT=253 ;

--
-- Sukurta duomenų kopija lentelei `logger_actions`
--

INSERT INTO `logger_actions` (`id`, `name`, `ip`, `user_id`, `on_`, `attached_to`, `attached_id`, `is_error`, `is_access_denied`) VALUES
(1, 'create', '127.0.0.1', 9, '2013-06-19 12:09:59', 'Cluster', 1, NULL, NULL),
(2, 'create', '127.0.0.1', 9, '2013-06-19 12:14:06', 'Cluster', 2, NULL, NULL),
(3, 'create', '127.0.0.1', 9, '2013-06-19 12:14:18', 'Cluster', 3, NULL, NULL),
(4, 'create', '127.0.0.1', 9, '2013-06-19 12:15:03', 'Cluster', 4, NULL, NULL),
(5, 'update', '127.0.0.1', 9, '2013-06-20 05:03:38', 'Cluster', 1, NULL, NULL),
(6, 'update', '127.0.0.1', 9, '2013-06-20 05:03:44', 'Cluster', 1, NULL, NULL),
(7, 'create', '127.0.0.1', 9, '2013-06-20 05:03:55', 'Cluster', 5, NULL, NULL),
(8, 'create', '127.0.0.1', 9, '2013-06-20 05:04:03', 'Cluster', 6, NULL, NULL),
(9, 'create', '127.0.0.1', 9, '2013-06-20 05:11:08', 'Cluster', 7, NULL, NULL),
(10, 'update', '127.0.0.1', 9, '2013-06-20 05:11:22', 'Cluster', 7, NULL, NULL),
(11, 'create', '127.0.0.1', 9, '2013-06-20 05:27:02', 'Cluster', 8, NULL, NULL),
(12, 'create', '127.0.0.1', 9, '2013-06-20 07:28:36', 'Hive', 1, NULL, NULL),
(13, 'create', '127.0.0.1', 17, '2013-06-20 08:49:10', 'Hive', 8, NULL, NULL),
(14, 'update', '127.0.0.1', 17, '2013-06-20 09:06:36', 'Hive', 7, NULL, NULL),
(15, 'update', '127.0.0.1', 17, '2013-06-20 09:30:59', 'Hive', 7, NULL, NULL),
(16, 'create', '127.0.0.1', 17, '2013-06-20 09:31:27', 'Hive', 9, NULL, NULL),
(17, 'update', '127.0.0.1', 17, '2013-06-20 09:31:37', 'Hive', 9, NULL, NULL),
(18, 'create', '127.0.0.1', 18, '2013-06-20 09:37:22', 'Hive', 10, NULL, NULL),
(19, 'create', '127.0.0.1', 18, '2013-06-20 09:38:14', 'Hive', 11, NULL, NULL),
(20, 'view', '127.0.0.1', 18, '2013-06-20 10:25:17', 'Person', 2, NULL, NULL),
(21, 'view', '127.0.0.1', 18, '2013-06-20 10:28:25', 'Person', 2, NULL, NULL),
(22, 'view', '127.0.0.1', 18, '2013-06-20 10:28:41', 'Person', 2, NULL, NULL),
(23, 'view', '127.0.0.1', 18, '2013-06-20 10:28:52', 'Person', 2, NULL, NULL),
(24, 'view', '127.0.0.1', 18, '2013-06-20 10:28:58', 'Person', 2, NULL, NULL),
(25, 'view', '127.0.0.1', 18, '2013-06-20 10:29:23', 'Person', 2, NULL, NULL),
(26, 'view', '127.0.0.1', 18, '2013-06-20 10:36:27', 'Person', 2, NULL, NULL),
(27, 'view', '127.0.0.1', 18, '2013-06-20 10:36:34', 'Person', 2, NULL, NULL),
(28, 'view', '127.0.0.1', 18, '2013-06-20 10:37:05', 'Person', 2, NULL, NULL),
(29, 'view', '127.0.0.1', 18, '2013-06-20 10:38:16', 'Person', 2, NULL, NULL),
(30, 'edit', '127.0.0.1', 18, '2013-06-20 10:57:05', 'Person', 2, NULL, NULL),
(31, 'edit', '127.0.0.1', 18, '2013-06-20 10:57:17', 'Person', 2, NULL, NULL),
(32, 'edit', '127.0.0.1', 18, '2013-06-20 11:00:01', 'Person', 2, NULL, NULL),
(33, 'edit', '127.0.0.1', 18, '2013-06-20 11:00:22', 'Person', 2, NULL, NULL),
(34, 'edit', '127.0.0.1', 18, '2013-06-20 11:00:30', 'Person', 2, NULL, NULL),
(35, 'edit', '127.0.0.1', 18, '2013-06-20 11:00:36', 'Person', 2, NULL, NULL),
(36, 'view', '127.0.0.1', 18, '2013-06-20 11:00:36', 'Person', 2, NULL, NULL),
(37, 'edit', '127.0.0.1', 18, '2013-06-20 11:00:59', 'Person', 2, NULL, NULL),
(38, 'view', '127.0.0.1', 18, '2013-06-20 11:01:01', 'Person', 2, NULL, NULL),
(39, 'view', '127.0.0.1', 18, '2013-06-20 11:04:33', 'Person', 2, NULL, NULL),
(40, 'edit', '127.0.0.1', 18, '2013-06-20 11:04:36', 'Person', 2, NULL, NULL),
(41, 'edit', '127.0.0.1', 18, '2013-06-20 11:05:50', 'Person', 2, NULL, NULL),
(42, 'view', '127.0.0.1', 18, '2013-06-20 11:05:53', 'Person', 2, NULL, NULL),
(43, 'view', '127.0.0.1', 18, '2013-06-20 11:37:17', 'Person', 2, NULL, NULL),
(44, 'new', '127.0.0.1', 18, '2013-06-20 11:37:27', 'Invitation', NULL, NULL, NULL),
(45, 'new', '127.0.0.1', 18, '2013-06-20 12:04:02', 'Invitation', NULL, NULL, NULL),
(46, 'new', '127.0.0.1', 18, '2013-06-20 12:04:10', 'Invitation', NULL, NULL, NULL),
(47, 'new', '127.0.0.1', 18, '2013-06-20 12:04:30', 'Invitation', NULL, NULL, NULL),
(48, 'new', '127.0.0.1', 18, '2013-06-20 12:04:50', 'Invitation', NULL, NULL, NULL),
(49, 'new', '127.0.0.1', 18, '2013-06-20 12:05:24', 'Invitation', NULL, NULL, NULL),
(50, 'new', '127.0.0.1', 18, '2013-06-20 12:05:28', 'Invitation', NULL, NULL, NULL),
(51, 'new', '127.0.0.1', 18, '2013-06-20 12:07:20', 'Invitation', NULL, NULL, NULL),
(52, 'new', '127.0.0.1', 18, '2013-06-20 12:08:13', 'Invitation', NULL, NULL, NULL),
(53, 'new', '127.0.0.1', 18, '2013-06-20 12:09:14', 'Invitation', NULL, NULL, NULL),
(54, 'new', '127.0.0.1', 18, '2013-06-20 12:09:53', 'Invitation', NULL, NULL, NULL),
(55, 'new', '127.0.0.1', 18, '2013-06-20 12:10:15', 'Invitation', NULL, NULL, NULL),
(56, 'new', '127.0.0.1', 18, '2013-06-20 12:10:30', 'Invitation', NULL, NULL, NULL),
(57, 'new', '127.0.0.1', 18, '2013-06-20 12:10:50', 'Invitation', NULL, NULL, NULL),
(58, 'new', '127.0.0.1', 18, '2013-06-20 12:10:58', 'Invitation', NULL, NULL, NULL),
(59, 'new', '127.0.0.1', 18, '2013-06-20 12:11:08', 'Invitation', NULL, NULL, NULL),
(60, 'new', '127.0.0.1', 18, '2013-06-20 12:11:22', 'Invitation', NULL, NULL, NULL),
(61, 'new', '127.0.0.1', 18, '2013-06-20 12:11:28', 'Invitation', NULL, NULL, NULL),
(62, 'new', '127.0.0.1', 18, '2013-06-20 12:11:55', 'Invitation', NULL, NULL, NULL),
(63, 'new', '127.0.0.1', 18, '2013-06-20 12:14:42', 'Invitation', NULL, NULL, NULL),
(64, 'new', '127.0.0.1', 18, '2013-06-20 12:15:35', 'Invitation', NULL, NULL, NULL),
(65, 'new', '127.0.0.1', 18, '2013-06-20 12:25:59', 'Invitation', NULL, NULL, NULL),
(66, 'new', '127.0.0.1', 18, '2013-06-20 12:26:11', 'Invitation', NULL, NULL, NULL),
(67, 'new', '127.0.0.1', 18, '2013-06-20 12:26:16', 'Invitation', NULL, NULL, NULL),
(68, 'new', '127.0.0.1', 18, '2013-06-20 12:26:41', 'Invitation', NULL, NULL, NULL),
(69, 'new', '127.0.0.1', 18, '2013-06-20 12:27:20', 'Invitation', NULL, NULL, NULL),
(70, 'new', '127.0.0.1', 18, '2013-06-20 12:27:47', 'Invitation', NULL, NULL, NULL),
(71, 'new', '127.0.0.1', 18, '2013-06-20 12:27:49', 'Invitation', NULL, NULL, NULL),
(72, 'new', '127.0.0.1', 18, '2013-06-20 12:28:26', 'Invitation', NULL, NULL, NULL),
(73, 'new', '127.0.0.1', 18, '2013-06-20 12:28:28', 'Invitation', NULL, NULL, NULL),
(74, 'new', '127.0.0.1', 18, '2013-06-20 12:28:40', 'Invitation', NULL, NULL, NULL),
(75, 'new', '127.0.0.1', 18, '2013-06-20 12:29:16', 'Invitation', NULL, NULL, NULL),
(76, 'new', '127.0.0.1', 18, '2013-06-20 12:29:23', 'Invitation', NULL, NULL, NULL),
(77, 'new', '127.0.0.1', 18, '2013-06-20 12:29:40', 'Invitation', NULL, NULL, NULL),
(78, 'new', '127.0.0.1', 18, '2013-06-20 12:29:43', 'Invitation', NULL, NULL, NULL),
(79, 'new', '127.0.0.1', 18, '2013-06-20 12:29:51', 'Invitation', NULL, NULL, NULL),
(80, 'new', '127.0.0.1', 18, '2013-06-20 12:29:56', 'Invitation', NULL, NULL, NULL),
(81, 'new', '127.0.0.1', 18, '2013-06-20 12:30:01', 'Invitation', NULL, NULL, NULL),
(82, 'new', '127.0.0.1', 18, '2013-06-20 12:30:04', 'Invitation', NULL, NULL, NULL),
(83, 'new', '127.0.0.1', 18, '2013-06-20 12:37:55', 'Invitation', NULL, NULL, NULL),
(84, 'new', '127.0.0.1', 18, '2013-06-20 12:37:57', 'Invitation', NULL, NULL, NULL),
(85, 'new', '127.0.0.1', 18, '2013-06-20 12:38:00', 'Invitation', NULL, NULL, NULL),
(86, 'new', '127.0.0.1', 18, '2013-06-20 12:39:14', 'Invitation', NULL, NULL, NULL),
(87, 'new', '127.0.0.1', 18, '2013-06-20 12:39:41', 'Invitation', NULL, NULL, NULL),
(88, 'new', '127.0.0.1', 18, '2013-06-20 12:39:49', 'Invitation', NULL, NULL, NULL),
(89, 'new', '127.0.0.1', 18, '2013-06-20 12:39:55', 'Invitation', NULL, NULL, NULL),
(90, 'new', '127.0.0.1', 18, '2013-06-20 12:40:08', 'Invitation', NULL, NULL, NULL),
(91, 'new', '127.0.0.1', 18, '2013-06-20 12:40:37', 'Invitation', NULL, NULL, NULL),
(92, 'new', '127.0.0.1', 18, '2013-06-20 12:40:43', 'Invitation', NULL, NULL, NULL),
(93, 'new', '127.0.0.1', 18, '2013-06-20 12:41:07', 'Invitation', NULL, NULL, NULL),
(94, 'new', '127.0.0.1', 18, '2013-06-20 12:41:13', 'Invitation', NULL, NULL, NULL),
(95, 'new', '127.0.0.1', 18, '2013-06-20 12:41:17', 'Invitation', NULL, NULL, NULL),
(96, 'new', '127.0.0.1', 18, '2013-06-20 12:41:30', 'Invitation', NULL, NULL, NULL),
(97, 'new', '127.0.0.1', 18, '2013-06-20 12:42:12', 'Invitation', NULL, NULL, NULL),
(98, 'new', '127.0.0.1', 18, '2013-06-20 12:42:17', 'Invitation', NULL, NULL, NULL),
(99, 'new', '127.0.0.1', 18, '2013-06-20 12:42:26', 'Invitation', NULL, NULL, NULL),
(100, 'new', '127.0.0.1', 18, '2013-06-20 12:42:31', 'Invitation', NULL, NULL, NULL),
(101, 'new', '127.0.0.1', 18, '2013-06-20 12:42:34', 'Invitation', NULL, NULL, NULL),
(102, 'new', '127.0.0.1', 18, '2013-06-20 12:42:53', 'Invitation', NULL, NULL, NULL),
(103, 'new', '127.0.0.1', 18, '2013-06-20 12:43:21', 'Invitation', NULL, NULL, NULL),
(104, 'new', '127.0.0.1', 18, '2013-06-20 12:43:48', 'Invitation', NULL, NULL, NULL),
(105, 'new', '127.0.0.1', 18, '2013-06-20 12:43:55', 'Invitation', NULL, NULL, NULL),
(106, 'new', '127.0.0.1', 18, '2013-06-20 12:43:59', 'Invitation', NULL, NULL, NULL),
(107, 'view', '127.0.0.1', 18, '2013-06-21 04:21:12', 'Person', 2, NULL, NULL),
(108, 'new', '127.0.0.1', 18, '2013-06-21 04:21:17', 'Invitation', NULL, NULL, NULL),
(109, 'new', '127.0.0.1', 18, '2013-06-21 05:11:05', 'Invitation', NULL, NULL, NULL),
(110, 'new', '127.0.0.1', 18, '2013-06-21 05:12:45', 'Invitation', NULL, NULL, NULL),
(111, 'new', '127.0.0.1', 18, '2013-06-21 05:15:38', 'Invitation', NULL, NULL, NULL),
(112, 'new', '127.0.0.1', 18, '2013-06-21 05:16:01', 'Invitation', NULL, NULL, NULL),
(113, 'new', '127.0.0.1', 18, '2013-06-21 05:16:14', 'Invitation', NULL, NULL, NULL),
(114, 'new', '127.0.0.1', 18, '2013-06-21 05:16:33', 'Invitation', NULL, NULL, NULL),
(115, 'new', '127.0.0.1', 18, '2013-06-21 05:19:33', 'Invitation', NULL, NULL, NULL),
(116, 'new', '127.0.0.1', 18, '2013-06-21 05:20:33', 'Invitation', NULL, NULL, NULL),
(117, 'new', '127.0.0.1', 18, '2013-06-21 05:21:14', 'Invitation', NULL, NULL, NULL),
(118, 'new', '127.0.0.1', 18, '2013-06-21 05:21:24', 'Invitation', NULL, NULL, NULL),
(119, 'invite', '127.0.0.1', 18, '2013-06-21 05:21:24', 'Invitation', NULL, 1, NULL),
(120, 'new', '127.0.0.1', 18, '2013-06-21 05:21:57', 'Invitation', NULL, NULL, NULL),
(121, 'invite', '127.0.0.1', 18, '2013-06-21 05:21:57', 'Invitation', NULL, 1, NULL),
(122, 'new', '127.0.0.1', 18, '2013-06-21 05:28:58', 'Invitation', NULL, NULL, NULL),
(123, 'new', '127.0.0.1', 18, '2013-06-21 05:29:03', 'Invitation', NULL, NULL, NULL),
(124, 'invite', '127.0.0.1', 18, '2013-06-21 05:29:03', 'Invitation', NULL, 1, NULL),
(125, 'new', '127.0.0.1', 18, '2013-06-21 05:31:02', 'Invitation', NULL, NULL, NULL),
(126, 'new', '127.0.0.1', 18, '2013-06-21 05:34:57', 'Invitation', NULL, NULL, NULL),
(127, 'new', '127.0.0.1', 18, '2013-06-21 05:35:05', 'Invitation', NULL, NULL, NULL),
(128, 'new', '127.0.0.1', 18, '2013-06-21 05:35:15', 'Invitation', NULL, NULL, NULL),
(129, 'invite', '127.0.0.1', 18, '2013-06-21 05:35:15', 'Invitation', 2, NULL, NULL),
(130, 'new', '127.0.0.1', 18, '2013-06-21 05:35:26', 'Invitation', NULL, NULL, NULL),
(131, 'new', '127.0.0.1', 18, '2013-06-21 05:56:49', 'Invitation', NULL, NULL, NULL),
(132, 'response', '127.0.0.1', 25, '2013-06-21 06:18:17', 'Invitation', 2, 1, NULL),
(133, 'new', '127.0.0.1', 18, '2013-06-21 09:19:52', 'Invitation', NULL, NULL, NULL),
(134, 'new', '127.0.0.1', 18, '2013-06-21 09:39:16', 'Invitation', NULL, NULL, NULL),
(135, 'new', '127.0.0.1', 18, '2013-06-21 09:40:02', 'Invitation', NULL, NULL, NULL),
(136, 'new', '127.0.0.1', 18, '2013-06-21 09:40:11', 'Invitation', NULL, NULL, NULL),
(137, 'invite', '127.0.0.1', 18, '2013-06-21 09:40:11', 'Invitation', 3, NULL, NULL),
(138, 'new', '127.0.0.1', 18, '2013-06-21 09:52:03', 'Invitation', NULL, NULL, NULL),
(139, 'new', '127.0.0.1', 18, '2013-06-21 09:52:08', 'Invitation', NULL, NULL, NULL),
(140, 'invite', '127.0.0.1', 18, '2013-06-21 09:52:08', 'Invitation', 4, NULL, NULL),
(141, 'new', '127.0.0.1', 18, '2013-06-21 09:58:48', 'Invitation', NULL, NULL, NULL),
(142, 'new', '127.0.0.1', 18, '2013-06-21 09:58:52', 'Invitation', NULL, NULL, NULL),
(143, 'invite', '127.0.0.1', 18, '2013-06-21 09:58:52', 'Invitation', 5, NULL, NULL),
(144, 'new', '127.0.0.1', 18, '2013-06-21 10:00:32', 'Invitation', NULL, NULL, NULL),
(145, 'new', '127.0.0.1', 18, '2013-06-21 10:00:37', 'Invitation', NULL, NULL, NULL),
(146, 'invite', '127.0.0.1', 18, '2013-06-21 10:00:37', 'Invitation', 6, NULL, NULL),
(147, 'new', '127.0.0.1', 18, '2013-06-21 10:06:04', 'Invitation', NULL, NULL, NULL),
(148, 'new', '127.0.0.1', 18, '2013-06-21 10:06:08', 'Invitation', NULL, NULL, NULL),
(149, 'invite', '127.0.0.1', 18, '2013-06-21 10:06:08', 'Invitation', 7, NULL, NULL),
(150, 'new', '127.0.0.1', 18, '2013-06-21 10:11:31', 'Invitation', NULL, NULL, NULL),
(151, 'new', '127.0.0.1', 18, '2013-06-21 10:11:36', 'Invitation', NULL, NULL, NULL),
(152, 'invite', '127.0.0.1', 18, '2013-06-21 10:11:36', 'Invitation', 8, NULL, NULL),
(153, 'new', '127.0.0.1', 18, '2013-06-21 10:14:06', 'Invitation', NULL, NULL, NULL),
(154, 'new', '127.0.0.1', 18, '2013-06-21 10:14:15', 'Invitation', NULL, NULL, NULL),
(155, 'new', '127.0.0.1', 18, '2013-06-21 10:14:34', 'Invitation', NULL, NULL, NULL),
(156, 'new', '127.0.0.1', 18, '2013-06-21 10:16:03', 'Invitation', NULL, NULL, NULL),
(157, 'new', '127.0.0.1', 18, '2013-06-21 10:16:12', 'Invitation', NULL, NULL, NULL),
(158, 'invite', '127.0.0.1', 18, '2013-06-21 10:16:12', 'Invitation', 10, NULL, NULL),
(159, 'view', '127.0.0.1', 18, '2013-06-21 10:16:44', 'Person', 2, NULL, NULL),
(160, 'edit', '127.0.0.1', 18, '2013-06-21 10:16:46', 'Person', 2, NULL, NULL),
(161, 'view', '127.0.0.1', 18, '2013-06-21 10:16:48', 'Person', 2, NULL, NULL),
(162, 'new', '127.0.0.1', 18, '2013-06-21 10:17:03', 'Invitation', NULL, NULL, NULL),
(163, 'responded', '127.0.0.1', 25, '2013-06-21 10:17:11', 'Dbobj', NULL, NULL, 1),
(164, 'responded', '127.0.0.1', 25, '2013-06-21 10:30:21', 'Invitation', 10, NULL, NULL),
(165, 'view', '127.0.0.1', 25, '2013-06-21 10:36:12', 'Person', 2, NULL, NULL),
(166, 'view', '127.0.0.1', 25, '2013-06-21 10:38:38', 'Person', 9, NULL, NULL),
(167, 'edit', '127.0.0.1', 25, '2013-06-21 10:38:39', 'Person', 9, NULL, NULL),
(168, 'edit', '127.0.0.1', 25, '2013-06-21 10:38:54', 'Person', 9, NULL, NULL),
(169, 'view', '127.0.0.1', 25, '2013-06-21 10:38:54', 'Person', 9, NULL, NULL),
(170, 'view', '127.0.0.1', 25, '2013-06-21 10:40:03', 'Person', 9, NULL, NULL),
(171, 'edit', '127.0.0.1', 25, '2013-06-21 10:40:04', 'Person', 9, NULL, NULL),
(172, 'edit', '127.0.0.1', 25, '2013-06-21 10:40:07', 'Person', 9, NULL, NULL),
(173, 'view', '127.0.0.1', 25, '2013-06-21 10:40:08', 'Person', 9, NULL, NULL),
(174, 'view', '127.0.0.1', 25, '2013-06-21 10:40:13', 'Person', 9, NULL, NULL),
(175, 'edit', '127.0.0.1', 25, '2013-06-21 10:40:15', 'Person', 9, NULL, NULL),
(176, 'edit', '127.0.0.1', 25, '2013-06-21 10:40:19', 'Person', 9, NULL, NULL),
(177, 'view', '127.0.0.1', 25, '2013-06-21 10:40:19', 'Person', 9, NULL, NULL),
(178, 'view', '127.0.0.1', 25, '2013-06-21 10:47:42', 'Person', 9, NULL, NULL),
(179, 'view', '127.0.0.1', 25, '2013-06-21 10:47:51', 'Person', 2, NULL, NULL),
(180, 'new', '127.0.0.1', 18, '2013-06-21 11:12:33', 'Invitation', NULL, NULL, NULL),
(181, 'new', '127.0.0.1', 18, '2013-06-21 11:12:37', 'Invitation', NULL, NULL, NULL),
(182, 'invite', '127.0.0.1', 18, '2013-06-21 11:12:37', 'Invitation', 11, NULL, NULL),
(183, 'responded', '127.0.0.1', 25, '2013-06-21 11:34:11', 'Invitation', 11, NULL, NULL),
(184, 'create', '127.0.0.1', 18, '2013-06-25 05:50:15', 'Expense', 1, NULL, NULL),
(185, 'create', '127.0.0.1', 18, '2013-06-25 07:06:15', 'Expense', 2, NULL, NULL),
(186, 'create', '127.0.0.1', 18, '2013-06-25 07:08:15', 'Expense', 3, NULL, NULL),
(187, 'create', '127.0.0.1', 18, '2013-06-25 07:15:54', 'Cluster', 9, NULL, NULL),
(188, 'update', '127.0.0.1', 18, '2013-06-25 07:16:01', 'Cluster', 9, NULL, NULL),
(189, 'update', '127.0.0.1', 18, '2013-06-25 07:16:07', 'Cluster', 9, NULL, NULL),
(190, 'update', '127.0.0.1', 18, '2013-06-25 07:16:20', 'Cluster', 9, NULL, NULL),
(191, 'create', '127.0.0.1', 18, '2013-06-25 07:59:18', 'Income', 1, NULL, NULL),
(192, 'view', '127.0.0.1', 18, '2013-06-25 08:46:04', 'Person', 2, NULL, NULL),
(193, 'edit', '127.0.0.1', 18, '2013-06-25 08:46:07', 'Person', 2, NULL, NULL),
(194, 'view', '127.0.0.1', 18, '2013-06-25 08:46:10', 'Person', 2, NULL, NULL),
(195, 'view', '127.0.0.1', 18, '2013-06-25 08:50:22', 'Person', 2, NULL, NULL),
(196, 'view', '127.0.0.1', 18, '2013-06-25 08:51:48', 'Person', 2, NULL, NULL),
(197, 'view', '127.0.0.1', 18, '2013-06-25 08:52:07', 'Person', 2, NULL, NULL),
(198, 'edit', '127.0.0.1', 18, '2013-06-25 08:52:08', 'Person', 2, NULL, NULL),
(199, 'view', '127.0.0.1', 18, '2013-06-25 08:52:10', 'Person', 2, NULL, NULL),
(200, 'view', '127.0.0.1', 18, '2013-06-25 08:52:16', 'Person', 9, NULL, NULL),
(201, 'create', '127.0.0.1', 18, '2013-06-25 10:22:52', 'Expense', 4, NULL, NULL),
(202, 'update', '127.0.0.1', 18, '2013-06-25 11:03:11', 'Expense', 3, NULL, NULL),
(203, 'update', '127.0.0.1', 18, '2013-06-25 11:03:20', 'Expense', 4, NULL, NULL),
(204, 'update', '127.0.0.1', 18, '2013-06-25 11:03:40', 'Expense', 1, NULL, NULL),
(205, 'update', '127.0.0.1', 18, '2013-06-25 11:07:57', 'Expense', 3, NULL, NULL),
(206, 'create', '127.0.0.1', 25, '2013-06-26 05:25:13', 'Cluster', 10, NULL, NULL),
(207, 'create', '127.0.0.1', 25, '2013-06-26 05:25:30', 'Cluster', 11, NULL, NULL),
(208, 'create', '127.0.0.1', 25, '2013-06-26 05:25:35', 'Cluster', 12, NULL, NULL),
(209, 'create', '127.0.0.1', 25, '2013-06-26 05:25:41', 'Cluster', 13, NULL, NULL),
(210, 'create', '127.0.0.1', 25, '2013-06-26 05:25:52', 'Cluster', 14, NULL, NULL),
(211, 'update', '127.0.0.1', 25, '2013-06-26 05:25:59', 'Cluster', 14, NULL, NULL),
(212, 'create', '127.0.0.1', 25, '2013-06-26 05:26:10', 'Cluster', 15, NULL, NULL),
(213, 'create', '127.0.0.1', 25, '2013-06-26 05:26:22', 'Income', 2, NULL, NULL),
(214, 'create', '127.0.0.1', 25, '2013-06-26 05:26:39', 'Expense', 5, NULL, NULL),
(215, 'create', '127.0.0.1', 25, '2013-06-26 05:27:02', 'Expense', 6, NULL, NULL),
(216, 'create', '127.0.0.1', 18, '2013-06-27 11:05:40', 'Expense', 7, NULL, NULL),
(217, 'create', '127.0.0.1', 18, '2013-06-27 11:12:11', 'Expense', 8, NULL, NULL),
(218, 'create', '127.0.0.1', 18, '2013-06-27 11:24:06', 'Cluster', 16, NULL, NULL),
(219, 'update', '127.0.0.1', 18, '2013-06-27 11:24:12', 'Cluster', 16, NULL, NULL),
(220, 'create', '127.0.0.1', 18, '2013-06-27 11:24:39', 'Income', 3, NULL, NULL),
(221, 'view', '127.0.0.1', 18, '2013-06-27 12:33:47', 'Person', 2, NULL, NULL),
(222, 'view', '127.0.0.1', 18, '2013-06-27 12:33:54', 'Person', 9, NULL, NULL),
(223, 'view', '127.0.0.1', 18, '2013-06-27 12:38:33', 'Person', 2, NULL, NULL),
(224, 'edit', '127.0.0.1', 18, '2013-06-27 12:38:34', 'Person', 2, NULL, NULL),
(225, 'view', '127.0.0.1', 18, '2013-06-27 12:38:38', 'Person', 2, NULL, NULL),
(226, 'view', '127.0.0.1', 18, '2013-06-28 04:39:36', 'Person', 2, NULL, NULL),
(227, 'view', '127.0.0.1', 18, '2013-06-28 07:07:33', 'Person', 2, NULL, NULL),
(228, 'edit', '127.0.0.1', 18, '2013-06-28 07:07:35', 'Person', 2, NULL, NULL),
(229, 'view', '127.0.0.1', 18, '2013-06-28 07:07:37', 'Person', 2, NULL, NULL),
(230, 'view', '127.0.0.1', 18, '2013-06-28 07:09:20', 'Person', 2, NULL, NULL),
(231, 'update', '127.0.0.1', 18, '2013-06-28 07:09:59', 'Expense', 3, NULL, NULL),
(232, 'view', '127.0.0.1', 18, '2013-06-28 07:58:13', 'Person', 2, NULL, NULL),
(233, 'view', '127.0.0.1', 18, '2013-06-28 08:45:31', 'Person', 2, NULL, NULL),
(234, 'view', '127.0.0.1', 18, '2013-06-28 08:45:38', 'Person', 2, NULL, NULL),
(235, 'view', '127.0.0.1', 18, '2013-06-28 08:45:42', 'Person', 2, NULL, NULL),
(236, 'edit', '127.0.0.1', 18, '2013-06-28 08:45:44', 'Person', 2, NULL, NULL),
(237, 'edit', '127.0.0.1', 18, '2013-06-28 08:45:48', 'Person', 2, NULL, NULL),
(238, 'view', '127.0.0.1', 18, '2013-06-28 08:45:49', 'Person', 2, NULL, NULL),
(239, 'view', '127.0.0.1', 25, '2013-06-28 08:45:59', 'Person', 9, NULL, NULL),
(240, 'edit', '127.0.0.1', 25, '2013-06-28 08:56:47', 'Income', 2, 1, NULL),
(241, 'edit', '127.0.0.1', 25, '2013-06-28 08:56:54', 'Income', 2, 1, NULL),
(242, 'edit', '127.0.0.1', 25, '2013-06-28 08:57:17', 'Income', 2, 1, NULL),
(243, 'edit', '127.0.0.1', 25, '2013-06-28 08:57:32', 'Income', 2, 1, NULL),
(244, 'create', '127.0.0.1', 25, '2013-06-28 09:07:51', 'Cluster', 17, NULL, NULL),
(245, 'create', '127.0.0.1', 25, '2013-06-28 09:08:01', 'Income', 4, NULL, NULL),
(246, 'update', '127.0.0.1', 25, '2013-06-28 09:08:15', 'Income', 2, NULL, NULL),
(247, 'update', '127.0.0.1', 25, '2013-06-28 09:08:24', 'Cluster', 10, NULL, NULL),
(248, 'update', '127.0.0.1', 18, '2013-06-28 09:09:21', 'Cluster', 9, NULL, NULL),
(249, 'update', '127.0.0.1', 18, '2013-06-28 09:09:34', 'Income', 1, NULL, NULL),
(250, 'update', '127.0.0.1', 18, '2013-06-28 09:17:36', 'Income', 1, NULL, NULL),
(251, 'update', '127.0.0.1', 18, '2013-06-28 09:17:48', 'Income', 1, NULL, NULL),
(252, 'update', '127.0.0.1', 18, '2013-06-28 09:17:57', 'Income', NULL, 1, NULL);

-- --------------------------------------------------------

--
-- Sukurta duomenų struktūra lentelei `people`
--

DROP TABLE IF EXISTS `people`;
CREATE TABLE IF NOT EXISTS `people` (
  `id` int(11) NOT NULL AUTO_INCREMENT,
  `user_id` int(11) DEFAULT NULL,
  `hive_id` int(11) DEFAULT NULL,
  `cluster_id` int(11) DEFAULT NULL,
  `name` varchar(255) COLLATE utf8_lithuanian_ci DEFAULT NULL,
  `surname` varchar(255) COLLATE utf8_lithuanian_ci DEFAULT NULL,
  `attached_to` varchar(255) COLLATE utf8_lithuanian_ci DEFAULT NULL,
  `attached_id` int(11) DEFAULT NULL,
  PRIMARY KEY (`id`)
) ENGINE=InnoDB  DEFAULT CHARSET=utf8 COLLATE=utf8_lithuanian_ci AUTO_INCREMENT=11 ;

--
-- Sukurta duomenų kopija lentelei `people`
--

INSERT INTO `people` (`id`, `user_id`, `hive_id`, `cluster_id`, `name`, `surname`, `attached_to`, `attached_id`) VALUES
(2, 18, 11, NULL, 'Jack', 'Black', NULL, NULL),
(3, 19, NULL, NULL, NULL, NULL, NULL, NULL),
(4, 20, NULL, NULL, NULL, NULL, NULL, NULL),
(5, 21, NULL, NULL, NULL, NULL, NULL, NULL),
(6, 22, NULL, NULL, NULL, NULL, NULL, NULL),
(7, 23, NULL, NULL, NULL, NULL, NULL, NULL),
(8, 24, NULL, NULL, NULL, NULL, NULL, NULL),
(9, 25, 11, NULL, 'Demo2', 'Surname2', NULL, NULL),
(10, 26, NULL, NULL, NULL, NULL, NULL, NULL);

-- --------------------------------------------------------

--
-- Sukurta duomenų struktūra lentelei `pictures`
--

DROP TABLE IF EXISTS `pictures`;
CREATE TABLE IF NOT EXISTS `pictures` (
  `id` int(11) NOT NULL AUTO_INCREMENT,
  `user_id` int(11) DEFAULT NULL,
  `my_picture_id` varchar(255) COLLATE utf8_lithuanian_ci DEFAULT NULL,
  `size` int(11) DEFAULT NULL,
  `type` varchar(255) COLLATE utf8_lithuanian_ci DEFAULT NULL,
  `name` varchar(255) COLLATE utf8_lithuanian_ci DEFAULT NULL,
  `tmp_name` varchar(255) COLLATE utf8_lithuanian_ci DEFAULT NULL,
  `attached_to` varchar(255) COLLATE utf8_lithuanian_ci DEFAULT NULL,
  `attached_id` int(11) DEFAULT NULL,
  `rank` int(11) DEFAULT NULL,
  `caption` varchar(255) COLLATE utf8_lithuanian_ci DEFAULT NULL,
  PRIMARY KEY (`id`)
) ENGINE=InnoDB DEFAULT CHARSET=utf8 COLLATE=utf8_lithuanian_ci AUTO_INCREMENT=1 ;

-- --------------------------------------------------------

--
-- Sukurta duomenų struktūra lentelei `users`
--

DROP TABLE IF EXISTS `users`;
CREATE TABLE IF NOT EXISTS `users` (
  `id` int(11) NOT NULL AUTO_INCREMENT,
  `login` varchar(255) COLLATE utf8_lithuanian_ci DEFAULT NULL,
  `phash` varchar(32) COLLATE utf8_lithuanian_ci DEFAULT NULL,
  `sid` varchar(32) COLLATE utf8_lithuanian_ci DEFAULT NULL,
  `email` varchar(255) COLLATE utf8_lithuanian_ci DEFAULT NULL,
  `aid` varchar(32) COLLATE utf8_lithuanian_ci DEFAULT NULL,
  `is_admin` tinyint(1) DEFAULT NULL,
  `is_active` tinyint(1) DEFAULT NULL,
  `time_zone` varchar(255) COLLATE utf8_lithuanian_ci DEFAULT NULL,
  `currency` varchar(3) COLLATE utf8_lithuanian_ci DEFAULT NULL,
  `api_key` varchar(32) COLLATE utf8_lithuanian_ci DEFAULT NULL,
  PRIMARY KEY (`id`)
) ENGINE=InnoDB  DEFAULT CHARSET=utf8 COLLATE=utf8_lithuanian_ci AUTO_INCREMENT=27 ;

--
-- Sukurta duomenų kopija lentelei `users`
--

INSERT INTO `users` (`id`, `login`, `phash`, `sid`, `email`, `aid`, `is_admin`, `is_active`, `time_zone`, `currency`, `api_key`) VALUES
(18, 'demo', '6c5ac7b4d3bd3311f033f971196cfa75', '14sgse8vvo7rkpdeubp1nr1eu3', 'demo@example.com', '', NULL, 1, NULL, 'USD', NULL),
(24, 'e', '23e65a679105b85c5dc7034fded4fb5f', NULL, 'w', 'e4bfb3ef05bf21772c140f55873a2194', NULL, NULL, NULL, NULL, NULL),
(25, 'demo2', '39abe4bca904bca5a11121955a2996bf', NULL, 'demo2@example.com', '', NULL, 1, NULL, 'EUR', NULL),
(26, 'demo3', '39abe4bca904bca5a11121955a2996bf', NULL, 'demo3@example.com', 'af9752375b9e9d20a31de1fddd2b296b', NULL, NULL, NULL, NULL, NULL);

/*!40101 SET CHARACTER_SET_CLIENT=@OLD_CHARACTER_SET_CLIENT */;
/*!40101 SET CHARACTER_SET_RESULTS=@OLD_CHARACTER_SET_RESULTS */;
/*!40101 SET COLLATION_CONNECTION=@OLD_COLLATION_CONNECTION */;
